Dataset,Fold,Rep,Exec_time,RMSE_train,NMSE_train,MAE_train,RMSE_test,NMSE_test,MAE_test,N_nodes,Expr
airfoil,0,0,262.833924646,3.968306369811369,0.3306054033391761,3.022739984556221,4.009064707076771,0.3384814264569309,2.9212370118167907,61,-2.636*log( 0.0+1.0*(x_1^-1.0 * x_4^-2.0) ) + -0.522*log( 0.0+1.0*(x_3^-3.0 * x_4^-2.0) ) + -20.578*sqrt( 0.0+1.0*(x_1^1.0 * x_5^3.0) ) + -0.592*sqrt( 0.0+1.0*(x_1^1.0 * x_3^1.0) ) + -0.023*sqrt( 0.0+1.0*(x_1^1.0 * x_2^1.0) ) + 97.0
airfoil,0,1,968.340150968,4.208928205876775,0.3719140580558864,3.4362471112027446,4.120371984679013,0.35753746948735676,3.275288989962327,61,-2661.951*identity( 0.0+1.0*(x_1^-3.0 * x_3^-3.0) ) + -1.175*sin( 0.0+1.0*(x_4^-3.0 * x_5^-2.0) ) + -33602.289*sin( 0.0+1.0*(x_3^1.0 * x_4^-2.0) ) + -0.199*sqrt( 0.0+1.0*(x_2^3.0 * x_5^1.0) ) + -0.021*sqrt( 0.0+1.0*(x_1^2.0 * x_5^1.0) ) + 133.0
airfoil,0,2,328.90611117,4.118345181637691,0.35607792295608603,3.2261110641684976,4.0967141781348575,0.35344353368798964,3.1111041330251155,61,23.2*cos( 0.0+1.0*(x_1^-2.0 * x_3^-3.0) ) + 0.567*log( 0.0+1.0*(x_3^-3.0 * x_4^3.0) ) + -9216.512*sqrt( 0.0+1.0*(x_3^3.0 * x_5^3.0) ) + -0.017*sqrt( 0.0+1.0*(x_1^2.0 * x_5^1.0) ) + -0.004*sqrt( 0.0+1.0*(x_1^2.0 * x_3^3.0) ) + 96.0
airfoil,0,3,1279.531910132,2.9180100025204063,0.17876113834753612,2.240308049510105,3.1432748395408017,0.2080718953425192,2.2816380327914545,130,4.365*identity( 0.0+1.0*(x_1^-2.0 * x_4^2.0) ) + -142.633*identity( 0.0+1.0*(x_1^-1.0 * x_3^-1.0) ) + -10.045*identity( 0.0+1.0*(x_1^-1.0 * x_5^-1.0) ) + 2.986*identity( 0.0+1.0*(x_3^-3.0 * x_4^-3.0) ) + -0.001*identity( 0.0+1.0*(x_3^-2.0) ) + -1.775*log( 0.0+1.0*(x_3^1.0 * x_4^-3.0) ) + 0.0*sin( 0.0+1.0*(x_3^3.0 * x_5^3.0) ) + -3.319*sqrt( 0.0+1.0*(x_1^1.0 * x_5^1.0) ) + -0.508*sqrt( 0.0+1.0*(x_1^1.0 * x_3^1.0) ) + 0.104*sqrt( 0.0+1.0*(x_1^2.0 * x_5^2.0) ) + 0.007*sqrt( 0.0+1.0*(x_1^2.0 * x_3^3.0) ) + 122.0
airfoil,0,4,409.774083002,3.3330318577040967,0.23322681878588974,2.583289947575766,3.3563592758109637,0.23723873339313933,2.506309776334977,91,-451.282*sqrt( 0.0+1.0*(x_1^-3.0 * x_5^-2.0) ) + -1133.476*sqrt( 0.0+1.0*(x_1^-3.0 * x_5^-1.0) ) + -22.374*sqrt( 0.0+1.0*(x_1^-2.0 * x_3^-3.0) ) + 553.328*sqrt( 0.0+1.0*(x_1^-2.0 * x_5^-1.0) ) + 1.054*sqrt( 0.0+1.0*(x_4^1.0) ) + -25.62*sqrt( 0.0+1.0*(x_3^1.0) ) + -300.339*sqrt( 0.0+1.0*(x_3^1.0 * x_5^2.0) ) + -0.017*sqrt( 0.0+1.0*(x_1^2.0 * x_5^1.0) ) + 129.0
airfoil,0,5,332.064134477,3.3877759846417295,0.24095110880384848,2.6601758004092684,3.5519303107119464,0.265691452670372,2.626321171520417,70,-102.994*sin( 0.0+1.0*(x_1^-1.0 * x_3^-1.0) ) + -7.584*sqrt( 0.0+1.0*(x_1^-1.0 * x_5^-1.0) ) + 0.008*sqrt( 0.0+1.0*(x_4^3.0) ) + -1.846*sqrt( 0.0+1.0*(x_1^1.0 * x_5^1.0) ) + -1.679*sqrt( 0.0+1.0*(x_1^1.0 * x_3^2.0) ) + 1.838*sqrt( 0.0+1.0*(x_1^1.0 * x_3^3.0) ) + 139.0
airfoil,1,0,214.767324604,4.270787854765806,0.3769883699844779,3.2912830978458913,4.316264814053638,0.41546394947404297,3.3101399040942896,67,-4.752*log( 0.0+1.0*(x_1^-1.0 * x_3^-3.0) ) + 5.741*log( 0.0+1.0*(x_3^-2.0) ) + 0.102*sqrt( 0.0+1.0*(x_4^2.0) ) + 0.012*sqrt( 0.0+1.0*(x_2^3.0 * x_3^-1.0) ) + -0.806*sqrt( 0.0+1.0*(x_1^1.0 * x_3^1.0) ) + -0.004*sqrt( 0.0+1.0*(x_1^1.0 * x_2^3.0) ) + 107.0
airfoil,1,1,477.974048934,3.3350333766358906,0.2298858942048372,2.5145315668865953,3.1856562001840696,0.22631586015252053,2.522772482245865,82,-233.882*sqrt( 0.0+1.0*(x_1^-3.0 * x_5^-2.0) ) + -122.679*sqrt( 0.0+1.0*(x_1^-2.0 * x_3^-2.0) ) + 241.977*sqrt( 0.0+1.0*(x_1^-1.0) ) + -326.592*sqrt( 0.0+1.0*(x_4^-1.0 * x_5^1.0) ) + -91.044*sqrt( 0.0+1.0*(x_3^2.0 * x_4^-1.0) ) + -1.01*sqrt( 0.0+1.0*(x_1^1.0 * x_5^1.0) ) + -0.498*sqrt( 0.0+1.0*(x_1^1.0 * x_3^2.0) ) + 135.0
airfoil,1,2,408.922881774,4.270280399518631,0.37689878774927504,3.3291319878891588,4.249077120221534,0.40263025721961887,3.3172475312361493,70,0.272*log( 0.0+1.0*(x_3^-1.0 * x_5^-3.0) ) + 1.418*log( 0.0+1.0*(x_4^3.0) ) + 0.322*log( 0.0+1.0*(x_1^2.0 * x_3^-1.0) ) + 0.0*sqrt( 0.0+1.0*(x_1^2.0 * x_3^-1.0) ) + -0.019*sqrt( 0.0+1.0*(x_1^2.0 * x_5^1.0) ) + -0.007*sqrt( 0.0+1.0*(x_1^2.0 * x_3^3.0) ) + 103.0
airfoil,1,3,493.938339441,3.910383044135967,0.3160461881570242,3.0155570318646245,4.065313163050236,0.36855744949209235,3.1027817694054574,85,-13.639*sin( 0.0+1.0*(x_1^-1.0 * x_2^2.0) ) + 0.338*sin( 0.0+1.0*(x_4^1.0 * x_5^-3.0) ) + 3.142*sqrt( 0.0+1.0*(x_4^2.0 * x_5^2.0) ) + 0.85*sqrt( 0.0+1.0*(x_3^1.0 * x_4^1.0) ) + -563.147*sqrt( 0.0+1.0*(x_3^2.0 * x_4^-2.0) ) + -8.234*sqrt( 0.0+1.0*(x_1^1.0 * x_5^2.0) ) + -0.379*sqrt( 0.0+1.0*(x_1^1.0 * x_3^1.0) ) + 134.0
airfoil,1,4,303.251706526,4.295342525465248,0.3813357814756739,3.406367793231767,4.2808209091769225,0.40866862809792337,3.3827373586512666,70,-1217.445*sqrt( 0.0+1.0*(x_1^-3.0 * x_5^-1.0) ) + -10075.375*sqrt( 0.0+1.0*(x_4^-3.0 * x_5^1.0) ) + 0.983*sqrt( 0.0+1.0*(x_5^1.0) ) + -0.006*sqrt( 0.0+1.0*(x_1^2.0 * x_3^2.0) ) + -0.002*sqrt( 0.0+1.0*(x_1^3.0 * x_5^2.0) ) + 0.003*sqrt( 0.0+1.0*(x_1^3.0 * x_5^3.0) ) + 133.0
airfoil,1,5,325.845268206,3.721747602281859,0.2862897432037514,2.876798711782692,3.789071564950638,0.3201715933870663,2.9416644032968122,61,-19.184*sin( 0.0+1.0*(x_1^-2.0 * x_3^-3.0) ) + 511.45*sqrt( 0.0+1.0*(x_1^-1.0 * x_5^1.0) ) + -399.21*sqrt( 0.0+1.0*(x_4^-1.0 * x_5^1.0) ) + -0.522*sqrt( 0.0+1.0*(x_1^1.0 * x_3^2.0) ) + -0.011*sqrt( 0.0+1.0*(x_1^2.0 * x_5^1.0) ) + 135.0
airfoil,2,0,471.249587482,4.195938462302817,0.36532014993602663,3.165920194189565,4.004345539135839,0.35436953203130184,3.1189483736572567,70,0.951*log( 0.0+1.0*(x_3^-3.0 * x_4^-1.0) ) + -4732.923*sqrt( 0.0+1.0*(x_4^-2.0 * x_5^2.0) ) + 0.091*sqrt( 0.0+1.0*(x_4^2.0) ) + -0.254*sqrt( 0.0+1.0*(x_2^1.0 * x_3^-1.0) ) + -0.011*sqrt( 0.0+1.0*(x_1^2.0 * x_5^1.0) ) + -0.002*sqrt( 0.0+1.0*(x_1^2.0 * x_3^1.0) ) + 125.0
airfoil,2,1,321.549687895,4.2845947657364,0.38092099724125583,3.2663635128725272,4.044497409244147,0.3615117403608532,3.1659247930924415,64,4.289*log( 0.0+1.0*(x_4^1.0) ) + 0.967*log( 0.0+1.0*(x_3^1.0 * x_5^-2.0) ) + 1.017*log( 0.0+1.0*(x_3^1.0) ) + -25.018*sqrt( 0.0+1.0*(x_3^2.0) ) + -0.271*sqrt( 0.0+1.0*(x_1^2.0 * x_5^3.0) ) + -0.003*sqrt( 0.0+1.0*(x_1^2.0 * x_3^1.0) ) + 110.0
airfoil,2,2,4470.316934297,3.5483190364364554,0.2612526649414303,2.779212977872702,3.459715613983318,0.264529484702644,2.7089112834277014,139,-16.611*sin( 0.0+1.0*(x_1^-2.0 * x_3^-3.0) ) + -1676.653*sin( 0.0+1.0*(x_1^-2.0 * x_5^-1.0) ) + 0.965*sin( 0.0+1.0*(x_1^-1.0 * x_4^-2.0) ) + 0.452*sin( 0.0+1.0*(x_3^-3.0 * x_4^2.0) ) + 80.401*sin( 0.0+1.0*(x_4^-3.0 * x_5^-1.0) ) + -4233.102*sin( 0.0+1.0*(x_4^-2.0) ) + -587.478*sin( 0.0+1.0*(x_3^1.0 * x_5^1.0) ) + -8779.655*sin( 0.0+1.0*(x_3^1.0 * x_5^2.0) ) + -36.141*sin( 0.0+1.0*(x_3^3.0 * x_4^-2.0) ) + 89.242*sin( 0.0+1.0*(x_3^3.0) ) + -0.906*sqrt( 0.0+1.0*(x_1^1.0 * x_3^3.0) ) + -0.018*sqrt( 0.0+1.0*(x_1^2.0 * x_5^1.0) ) + 134.0
airfoil,2,3,447.383850206,3.6729812940676587,0.2799321888055858,2.835534187843558,3.5474669368967042,0.27811857508311777,2.793884381434619,79,-1.788*sqrt( 0.0+1.0*(x_1^-1.0 * x_3^-3.0) ) + 572.741*sqrt( 0.0+1.0*(x_1^-1.0 * x_4^-1.0) ) + 42.86*sqrt( 0.0+1.0*(x_3^-1.0 * x_4^-2.0) ) + 2.721*sqrt( 0.0+1.0*(x_3^-1.0) ) + -349.658*sqrt( 0.0+1.0*(x_4^-2.0) ) + -102.042*sqrt( 0.0+1.0*(x_4^-1.0 * x_5^1.0) ) + -0.022*sqrt( 0.0+1.0*(x_1^2.0 * x_5^1.0) ) + 127.0
airfoil,2,4,613.926000677,3.971921945019278,0.3273533708968856,3.104948411675904,3.906921037948124,0.3373358909326381,3.1022817513124465,46,-686.435*exp( 0.0+1.0*(x_1^-2.0 * x_3^-2.0) ) + 0.983*log( 0.0+1.0*(x_3^-3.0 * x_4^2.0) ) + -84.886*sin( 0.0+1.0*(x_4^-1.0) ) + -0.023*sqrt( 0.0+1.0*(x_1^2.0 * x_5^1.0) ) + 804.0
airfoil,2,5,10046.560402758,3.7714636055743638,0.2951448768688306,2.942347196361932,3.7731840758291977,0.31463662041117574,2.9369266058800654,100,1.225*log( 0.0+1.0*(x_1^-3.0 * x_3^-1.0) ) + 0.815*log( 0.0+1.0*(x_1^-3.0 * x_5^-3.0) ) + -2348.523*sin( 0.0+1.0*(x_1^-3.0 * x_5^-2.0) ) + -0.0*sin( 0.0+1.0*(x_1^-3.0) ) + -149.963*tan( 0.0+1.0*(x_1^-1.0 * x_3^-1.0) ) + 0.018*tan( 0.0+1.0*(x_3^-1.0 * x_4^1.0) ) + -2594.715*tan( 0.0+1.0*(x_5^2.0) ) + -27.868*tan( 0.0+1.0*(x_3^1.0) ) + -2.507*tan( 0.0+1.0*(x_1^1.0 * x_5^3.0) ) + 162.0
airfoil,3,0,285.477885198,3.4874583517322906,0.2534193187985988,2.673388514859459,3.653047968527074,0.2886654269082826,2.854434922241441,82,-113.356*sqrt( 0.0+1.0*(x_1^-2.0 * x_3^-2.0) ) + -555.059*sqrt( 0.0+1.0*(x_5^3.0) ) + -2881.868*sqrt( 0.0+1.0*(x_3^1.0 * x_4^-3.0) ) + -0.35*sqrt( 0.0+1.0*(x_1^1.0 * x_3^1.0) ) + -0.117*sqrt( 0.0+1.0*(x_1^2.0 * x_5^2.0) ) + 0.269*sqrt( 0.0+1.0*(x_1^2.0 * x_5^3.0) ) + -0.0*sqrt( 0.0+1.0*(x_1^2.0 * x_2^1.0) ) + 139.0
airfoil,3,1,345.552734283,4.3124300609287705,0.38749471982145983,3.2105378688484985,4.212846983934464,0.3839152756196962,3.199879627209627,46,1.415*log( 0.0+1.0*(x_3^-2.0 * x_4^3.0) ) + -0.388*sqrt( 0.0+1.0*(x_2^2.0) ) + -0.014*sqrt( 0.0+1.0*(x_1^2.0 * x_5^1.0) ) + -0.002*sqrt( 0.0+1.0*(x_1^2.0 * x_3^1.0) ) + 109.0
airfoil,3,2,345.194077025,3.354772024449408,0.2345026123137287,2.5830700359040546,3.7819294853831376,0.3093932797540729,2.9297948271438474,94,-322.202*sqrt( 0.0+1.0*(x_1^-3.0 * x_3^-3.0) ) + -484.078*sqrt( 0.0+1.0*(x_1^-3.0 * x_5^-2.0) ) + 5607.596*sqrt( 0.0+1.0*(x_1^-3.0 * x_5^-1.0) ) + 11.225*sqrt( 0.0+1.0*(x_1^-1.0 * x_5^-1.0) ) + -7224.782*sqrt( 0.0+1.0*(x_4^-3.0 * x_5^1.0) ) + -32.036*sqrt( 0.0+1.0*(x_3^2.0) ) + 7.415*sqrt( 0.0+1.0*(x_3^2.0 * x_5^1.0) ) + -0.018*sqrt( 0.0+1.0*(x_1^2.0 * x_5^1.0) ) + 133.0
airfoil,3,3,650.808331499,2.94887852081328,0.1811905001422904,2.1792703756535854,3.2882262874654806,0.23388771767742486,2.3958992398497423,118,3879.853*identity( 0.0+1.0*(x_1^-3.0 * x_3^-3.0) ) + 10.037*identity( 0.0+1.0*(x_1^-3.0 * x_5^-3.0) ) + 0.0*identity( 0.0+1.0*(x_1^-3.0 * x_3^1.0) ) + -6.058*identity( 0.0+1.0*(x_1^-2.0 * x_3^-3.0) ) + -25.218*identity( 0.0+1.0*(x_1^-2.0 * x_5^-2.0) ) + -275.609*identity( 0.0+1.0*(x_1^-1.0 * x_3^-1.0) ) + 2.452*log( 0.0+1.0*(x_1^-1.0 * x_5^-2.0) ) + 1.26*log( 0.0+1.0*(x_4^3.0) ) + -7.194*log( 0.0+1.0*(x_1^1.0 * x_3^1.0) ) + 0.206*sqrt( 0.0+1.0*(x_1^1.0 * x_3^2.0) ) + 144.0
airfoil,3,4,525.569352581,3.652608846109386,0.27798924413251885,2.81287594124151,3.7335030038952097,0.30152063026879306,2.8820194840292492,58,-94.9*exp( 0.0+1.0*(x_1^-1.0 * x_3^-1.0) ) + -2.349*log( 0.0+1.0*(x_5^2.0) ) + 1.527*log( 0.0+1.0*(x_4^3.0 * x_5^3.0) ) + -6.331*sqrt( 0.0+1.0*(x_1^1.0 * x_5^2.0) ) + -0.456*sqrt( 0.0+1.0*(x_1^1.0 * x_3^1.0) ) + 213.0
airfoil,3,5,340.47030521,3.202537415974004,0.21370273694546857,2.430343486790842,3.467941492023042,0.26015222567304513,2.6273620424082407,85,-119.266*sqrt( 0.0+1.0*(x_1^-3.0 * x_5^-2.0) ) + -122.176*sqrt( 0.0+1.0*(x_1^-2.0 * x_3^-2.0) ) + -158.547*sqrt( 0.0+1.0*(x_3^1.0 * x_4^-1.0) ) + -229.609*sqrt( 0.0+1.0*(x_3^2.0 * x_5^2.0) ) + -0.049*sqrt( 0.0+1.0*(x_1^2.0 * x_5^1.0) ) + -0.165*sqrt( 0.0+1.0*(x_1^2.0 * x_5^2.0) ) + 0.004*sqrt( 0.0+1.0*(x_1^3.0 * x_5^2.0) ) + 144.0
airfoil,4,0,358.617662347,3.689086854690852,0.29640778167079174,2.901851580513329,3.9375438560966836,0.28323958044188546,3.125286412092105,52,-21.731*sqrt( 0.0+1.0*(x_1^-2.0 * x_3^-3.0) ) + 0.024*sqrt( 0.0+1.0*(x_3^-3.0) ) + 0.082*sqrt( 0.0+1.0*(x_4^2.0) ) + -28.336*sqrt( 0.0+1.0*(x_3^3.0) ) + -0.024*sqrt( 0.0+1.0*(x_1^2.0 * x_5^1.0) ) + 127.0
airfoil,4,1,519.549509366,3.1527060050016202,0.21648050310041586,2.305271432207506,3.3761640215397177,0.20823331326866854,2.467158253005713,109,-290808.875*identity( 0.0+1.0*(x_1^-3.0 * x_3^-2.0) ) + 1.954455261e6*identity( 0.0+1.0*(x_1^-3.0 * x_5^-1.0) ) + 54.846*identity( 0.0+1.0*(x_1^-2.0 * x_3^-3.0) ) + -12030.893*identity( 0.0+1.0*(x_1^-2.0 * x_5^-1.0) ) + -7.636*identity( 0.0+1.0*(x_1^-1.0 * x_3^-2.0) ) + 2.111*log( 0.0+1.0*(x_1^-1.0 * x_3^-2.0) ) + -1.801*log( 0.0+1.0*(x_4^-2.0 * x_5^-2.0) ) + -2.724*log( 0.0+1.0*(x_1^2.0 * x_5^3.0) ) + -0.197*log( 0.0+1.0*(x_1^2.0 * x_3^3.0) ) + 140.0
airfoil,4,2,463.203008936,4.545259253617081,0.4499550805956514,3.532836452973921,4.6759239348348345,0.3994275439309847,3.674305277066489,58,-156442.316*exp( 0.0+1.0*(x_1^-3.0 * x_3^-2.0) ) + 6.34*log( 0.0+1.0*(x_4^-3.0) ) + -7.733*log( 0.0+1.0*(x_1^1.0 * x_4^-3.0) ) + -0.9*log( 0.0+1.0*(x_1^1.0 * x_3^3.0) ) + 1.469*log( 0.0+1.0*(x_1^3.0 * x_5^-2.0) ) + 156561.0
airfoil,4,3,276.211245461,3.413412688183125,0.2537636647675112,2.62690497056009,3.6383580910125106,0.24183213808135007,2.843274320484565,70,-124.688*identity( 0.0+1.0*(x_1^-1.0 * x_3^-1.0) ) + -1.552*log( 0.0+1.0*(x_1^-1.0 * x_5^-1.0) ) + 1.676*log( 0.0+1.0*(x_3^-1.0 * x_4^-3.0) ) + 2.62*sqrt( 0.0+1.0*(x_4^1.0) ) + -2.122*sqrt( 0.0+1.0*(x_1^1.0 * x_5^1.0) ) + -0.32*sqrt( 0.0+1.0*(x_1^1.0 * x_3^1.0) ) + 134.0
airfoil,4,4,368.557965011,3.782680810119189,0.31163859169932406,2.811565565773444,4.155160061639001,0.3154123182268603,3.125370076068893,58,-4126.906*identity( 0.0+1.0*(x_1^-2.0 * x_5^-1.0) ) + -0.37*sqrt( 0.0+1.0*(x_3^-1.0) ) + -47534.713*sqrt( 0.0+1.0*(x_4^-2.0 * x_5^3.0) ) + -0.478*sqrt( 0.0+1.0*(x_1^1.0 * x_3^1.0) ) + -0.029*sqrt( 0.0+1.0*(x_1^1.0 * x_2^1.0) ) + 140.0
airfoil,4,5,304.203491747,3.9567206269116713,0.34097506014613704,3.041669891208239,4.4416790027623225,0.3604105313840938,3.2304213768182377,100,-3892.176*identity( 0.0+1.0*(x_1^-3.0 * x_3^-3.0) ) + -0.607*identity( 0.0+1.0*(x_1^-3.0 * x_5^-3.0) ) + -2611.688*identity( 0.0+1.0*(x_1^-3.0 * x_5^-2.0) ) + -41.016*identity( 0.0+1.0*(x_1^-3.0 * x_4^3.0) ) + 4735.294*identity( 0.0+1.0*(x_5^2.0) ) + -109443.248*identity( 0.0+1.0*(x_5^3.0) ) + 1.251*log( 0.0+1.0*(x_4^3.0 * x_5^1.0) ) + -0.843*log( 0.0+1.0*(x_3^3.0) ) + -1.668*log( 0.0+1.0*(x_1^3.0 * x_5^3.0) ) + 123.0
concrete,0,0,326.811173242,7.170051458140104,0.18184050660165774,5.496515683388349,7.193463008190229,0.1937678865137867,5.716805985148877,70,-9.783*log( 0.0+1.0*(x_1^-3.0 * x_8^-2.0) ) + 11.709*log( 0.0+1.0*(x_4^-3.0 * x_8^-1.0) ) + 0.774*sqrt( 0.0+1.0*(x_3^1.0) ) + 204.522*sqrt( 0.0+1.0*(x_2^2.0 * x_4^-3.0) ) + -0.132*sqrt( 0.0+1.0*(x_2^2.0 * x_8^-2.0) ) + 1.028*sqrt( 0.0+1.0*(x_2^3.0 * x_6^-2.0) ) + 20.0
concrete,0,1,235.541112913,8.232712433529311,0.23973529591835813,6.272294934743345,8.480043953818857,0.26927868615702427,6.501961015079269,61,87.992*log( 0.0+1.0*(x_4^-1.0 * x_7^-1.0) ) + -27.303*log( 0.0+1.0*(x_6^2.0 * x_7^-1.0) ) + -12.744*log( 0.0+1.0*(x_4^2.0 * x_8^3.0) ) + 12.314*log( 0.0+1.0*(x_4^3.0 * x_7^1.0) ) + 15.512*log( 0.0+1.0*(x_1^1.0 * x_8^3.0) ) + 1018.0
concrete,0,2,251.608353707,8.232712433529297,0.23973529591835727,6.272294934771641,8.480043953921864,0.2692786861635662,6.501961015107069,67,-88.787*log( 0.0+1.0*(x_4^-2.0 * x_8^2.0) ) + 127.056*log( 0.0+1.0*(x_4^-2.0 * x_6^3.0) ) + 24.188*log( 0.0+1.0*(x_7^-2.0 * x_8^2.0) ) + 0.0*log( 0.0+1.0*() ) + -137.502*log( 0.0+1.0*(x_6^3.0 * x_8^-1.0) ) + 7.756*log( 0.0+1.0*(x_1^2.0 * x_6^-3.0) ) + 1018.0
concrete,0,3,153.841969016,8.165326414863827,0.23582681679588646,6.189131892466465,8.415214856969925,0.2651772062022517,6.429078095271557,76,2.951*exp( 0.0+1.0*(x_1^-1.0 * x_4^1.0) ) + -0.0*log( 0.0+1.0*() ) + -30.568*log( 0.0+1.0*(x_4^1.0 * x_7^-1.0) ) + -50.117*log( 0.0+1.0*(x_4^1.0 * x_6^1.0) ) + -93.685*log( 0.0+1.0*(x_1^2.0) ) + 77.924*log( 0.0+1.0*(x_1^3.0 * x_7^-1.0) ) + -8.392*log( 0.0+1.0*(x_1^3.0 * x_8^-1.0) ) + 963.0
concrete,0,4,269.189359592,6.845567573150285,0.16575437917035113,5.313786591274463,6.895916442451829,0.17806958809290355,5.425839606748732,106,-72.44*log( 0.0+1.0*(x_1^-1.0 * x_8^1.0) ) + 41.445*log( 0.0+1.0*(x_1^-1.0 * x_8^2.0) ) + 0.0*log( 0.0+1.0*() ) + -5.837*sqrt( 0.0+1.0*(x_4^1.0) ) + -0.089*sqrt( 0.0+1.0*(x_4^1.0 * x_8^1.0) ) + 0.428*sqrt( 0.0+1.0*(x_3^1.0) ) + 0.122*sqrt( 0.0+1.0*(x_3^1.0 * x_8^1.0) ) + -0.006*sqrt( 0.0+1.0*(x_3^2.0 * x_8^1.0) ) + 0.062*sqrt( 0.0+1.0*(x_2^2.0) ) + 0.005*sqrt( 0.0+1.0*(x_2^2.0 * x_8^1.0) ) + -95.0
concrete,0,5,232.084450885,6.8825662170038,0.16755094608027102,5.472390137224542,6.547161304624221,0.16051360727202715,5.2944120846863,91,-5.618*log( 0.0+1.0*(x_1^-3.0 * x_8^-2.0) ) + 1.596*sin( 0.0+1.0*(x_7^1.0 * x_8^-1.0) ) + 1.959*sqrt( 0.0+1.0*(x_5^1.0) ) + -0.23*sqrt( 0.0+1.0*(x_4^2.0) ) + -0.006*sqrt( 0.0+1.0*(x_4^2.0 * x_8^1.0) ) + 0.008*sqrt( 0.0+1.0*(x_2^1.0 * x_4^2.0) ) + 34.791*sqrt( 0.0+1.0*(x_1^1.0 * x_7^-1.0) ) + -0.035*sqrt( 0.0+1.0*(x_1^1.0 * x_2^1.0) ) + -76.0
concrete,1,0,364.600178125,8.159424645626308,0.23986809496773612,6.183113668066062,8.738177727561576,0.26530249805166367,6.747603417483774,64,-19.547*log( 0.0+1.0*(x_1^-1.0 * x_6^-3.0) ) + 36.095*log( 0.0+1.0*(x_1^-1.0) ) + -23.408*log( 0.0+1.0*(x_1^-1.0 * x_7^2.0) ) + 37.397*log( 0.0+1.0*(x_4^-2.0 * x_6^-3.0) ) + 0.0*log( 0.0+1.0*() ) + 4.098*log( 0.0+1.0*(x_1^2.0 * x_8^2.0) ) + 994.0
concrete,1,1,541.885839656,7.4849027199251745,0.2018485967713354,5.854742788438647,7.082112329835696,0.17427103625778556,5.717625448144441,52,6.76*log( 0.0+1.0*(x_4^-2.0 * x_8^1.0) ) + -0.0*log( 0.0+1.0*() ) + 0.53*sqrt( 0.0+1.0*(x_5^1.0 * x_8^1.0) ) + 0.0*sqrt( 0.0+1.0*(x_2^2.0 * x_6^2.0) ) + 3.151*sqrt( 0.0+1.0*(x_1^1.0) ) + 23.0
concrete,1,2,184.558941739,9.215684336581202,0.305990959252498,7.1364913950364635,9.896601224201094,0.34030766727856515,7.6780471800426975,37,60.989*log( 0.0+1.0*(x_4^-1.0 * x_8^1.0) ) + -26.238*log( 0.0+1.0*(x_6^3.0 * x_8^2.0) ) + 17.478*log( 0.0+1.0*(x_1^1.0 * x_6^3.0) ) + 409.0
concrete,1,3,313.634310597,7.04762214935202,0.17895285754873014,5.474653421474755,7.330829933311069,0.18672646734469392,5.589134694873644,70,2.778*log( 0.0+1.0*(x_1^-1.0 * x_8^3.0) ) + -29.515*log( 0.0+1.0*(x_1^-1.0 * x_4^1.0) ) + 0.0*log( 0.0+1.0*() ) + 6.402*sqrt( 0.0+1.0*(x_5^1.0) ) + -1.178*sqrt( 0.0+1.0*(x_5^2.0) ) + 0.984*sqrt( 0.0+1.0*(x_2^1.0) ) + 0.023*tan( 0.0+1.0*(x_2^2.0 * x_7^-1.0) ) + 3.0
concrete,1,4,259.493325596,7.327805942652266,0.19346452145287032,5.903563303121365,7.509344353655441,0.1959312152211831,5.856315423747781,58,-8.029*log( 0.0+1.0*(x_1^-3.0 * x_8^-3.0) ) + 18.218*log( 0.0+1.0*(x_4^-3.0) ) + 4.743*log( 0.0+1.0*(x_6^-3.0 * x_8^-3.0) ) + -0.0*sqrt( 0.0+1.0*(x_7^1.0 * x_8^3.0) ) + 0.005*sqrt( 0.0+1.0*(x_2^1.0 * x_4^2.0) ) + 248.0
concrete,1,5,293.259589882,8.390759232214858,0.2536623040969709,6.282665629579007,9.121452982940088,0.28908638589441626,6.890542681153046,43,16813.507*exp( 0.0+1.0*(x_4^-1.0) ) + -16.018*log( 0.0+1.0*(x_6^3.0) ) + 13.38*log( 0.0+1.0*(x_4^2.0 * x_7^-3.0) ) + 7.951*log( 0.0+1.0*(x_1^2.0 * x_8^1.0) ) + -16527.0
concrete,2,0,398.932067195,8.24307671963223,0.2432410801813197,6.290834005397808,8.179995998742488,0.23798565933222757,6.475339722479767,61,0.0*identity( 0.0+1.0*(x_1^-2.0 * x_4^-2.0) ) + -9.61*identity( 0.0+1.0*(x_4^-1.0 * x_6^1.0) ) + 54.765*log( 0.0+1.0*(x_1^2.0 * x_7^-1.0) ) + -4.128*log( 0.0+1.0*(x_1^2.0 * x_8^-2.0) ) + -42.952*log( 0.0+1.0*(x_1^2.0 * x_4^3.0) ) + 1010.0
concrete,2,1,352.333365488,7.056027059757498,0.17822914134983056,5.636219027791221,7.747237757913496,0.21347074916334197,6.164378951468457,109,-2.425*sqrt( 0.0+1.0*(x_1^-2.0 * x_7^2.0) ) + 3438.711*sqrt( 0.0+1.0*(x_4^-3.0 * x_8^1.0) ) + -941.776*sqrt( 0.0+1.0*(x_6^-1.0 * x_8^-1.0) ) + 0.81*sqrt( 0.0+1.0*(x_5^1.0 * x_8^1.0) ) + -0.016*sqrt( 0.0+1.0*(x_5^2.0 * x_8^2.0) ) + 698.85*sqrt( 0.0+1.0*(x_2^1.0 * x_4^-3.0) ) + 94.724*sqrt( 0.0+1.0*(x_2^2.0 * x_4^-3.0) ) + 3.667*sqrt( 0.0+1.0*(x_1^3.0 * x_4^-3.0) ) + 0.642*sqrt( 0.0+1.0*(x_1^3.0 * x_7^-2.0) ) + 21.0
concrete,2,2,236.347448187,7.343050070359835,0.19302395887454996,5.825588949827434,7.804074286912699,0.21661443536571226,6.192355186928488,82,-8.958*sqrt( 0.0+1.0*(x_1^-3.0 * x_4^3.0) ) + -81136.094*sqrt( 0.0+1.0*(x_4^-3.0 * x_8^-1.0) ) + 2608.854*sqrt( 0.0+1.0*(x_4^-3.0 * x_8^1.0) ) + 0.321*sqrt( 0.0+1.0*(x_5^1.0 * x_8^1.0) ) + 0.933*sqrt( 0.0+1.0*(x_2^1.0) ) + 110.345*sqrt( 0.0+1.0*(x_1^2.0 * x_4^-3.0) ) + 1.202*sqrt( 0.0+1.0*(x_1^3.0 * x_4^-3.0) ) + 20.0
concrete,2,3,184.396977784,8.320656537912559,0.24784115849682725,6.303429920083261,8.158684400505063,0.2367472118248728,6.421755704991894,61,17.931*log( 0.0+1.0*(x_4^-2.0 * x_6^2.0) ) + -28.488*log( 0.0+1.0*(x_6^3.0 * x_7^3.0) ) + -12.567*log( 0.0+1.0*(x_4^3.0 * x_7^-3.0) ) + 0.96*log( 0.0+1.0*(x_1^1.0 * x_8^-2.0) ) + 5.072*log( 0.0+1.0*(x_1^3.0 * x_8^2.0) ) + 960.0
concrete,2,4,189.557605451,7.508431448602417,0.20181650439819668,5.99984151488358,8.048374617482724,0.23038859215205754,6.369370696494547,58,-216.523*sqrt( 0.0+1.0*(x_4^-2.0 * x_5^2.0) ) + 76.691*sqrt( 0.0+1.0*(x_4^-1.0 * x_5^1.0) ) + -0.339*sqrt( 0.0+1.0*(x_4^2.0 * x_8^-1.0) ) + 0.064*sqrt( 0.0+1.0*(x_2^2.0) ) + 17.837*sqrt( 0.0+1.0*(x_1^2.0 * x_4^-2.0) ) + 15.0
concrete,2,5,222.947806245,8.320656537912539,0.2478411584968261,6.303429919671701,8.158684401734813,0.23674721189624215,6.421755705332301,61,-24.8*log( 0.0+1.0*(x_4^-2.0 * x_6^2.0) ) + -133.742*log( 0.0+1.0*(x_7^3.0 * x_8^2.0) ) + 275.706*log( 0.0+1.0*(x_4^2.0 * x_8^1.0) ) + 353.464*log( 0.0+1.0*(x_1^1.0 * x_7^1.0) ) + -337.289*log( 0.0+1.0*(x_1^1.0 * x_4^2.0) ) + 960.0
concrete,3,0,370.2449822,8.180994657377694,0.24441276646789298,6.369571096833666,8.134408338894003,0.2183263992338317,5.908213051351809,82,-7.697*log( 0.0+1.0*(x_1^-2.0 * x_4^3.0) ) + 49.192*log( 0.0+1.0*(x_4^-1.0 * x_7^-3.0) ) + 29.446*log( 0.0+1.0*(x_8^-2.0) ) + -0.0*log( 0.0+1.0*() ) + 33.532*log( 0.0+1.0*(x_7^3.0 * x_8^2.0) ) + -25.897*log( 0.0+1.0*(x_6^2.0) ) + 0.277*tan( 0.0+1.0*(x_4^2.0) ) + -0.066*tan( 0.0+1.0*(x_4^2.0 * x_6^2.0) ) + 968.0
concrete,3,1,242.739963466,7.3358966316862055,0.19652512220946025,5.844052649495871,7.588179452501645,0.18998945572118986,5.7655997478511924,91,-7.856*log( 0.0+1.0*(x_1^-1.0 * x_6^-1.0) ) + 24.776*log( 0.0+1.0*(x_4^-2.0 * x_6^-1.0) ) + 2.488*log( 0.0+1.0*(x_6^-1.0 * x_8^3.0) ) + 2.878*log( 0.0+1.0*(x_6^3.0) ) + 0.2*sqrt( 0.0+1.0*(x_5^2.0) ) + -3.555*sqrt( 0.0+1.0*(x_2^1.0 * x_8^-3.0) ) + 0.058*sqrt( 0.0+1.0*(x_1^1.0 * x_2^1.0) ) + 32.644*sqrt( 0.0+1.0*(x_1^2.0 * x_7^-2.0) ) + 282.0
concrete,3,2,255.499881765,8.277992997951625,0.2502429079316198,6.42677512819036,8.217108173497545,0.2227882700383861,5.946821197909994,70,-11044.611*identity( 0.0+1.0*(x_6^-1.0 * x_8^-2.0) ) + -54.058*log( 0.0+1.0*(x_6^3.0 * x_8^2.0) ) + 36.909*log( 0.0+1.0*(x_6^3.0 * x_8^3.0) ) + -23.759*log( 0.0+1.0*(x_4^1.0 * x_7^2.0) ) + -16.685*log( 0.0+1.0*(x_4^3.0) ) + 5.229*log( 0.0+1.0*(x_1^3.0 * x_8^1.0) ) + 977.0
concrete,3,3,203.115286284,7.736734113310162,0.21858835022730283,6.211391959419012,7.724368716323326,0.19687034631872657,6.133564183908575,67,483.078*exp( 0.0+1.0*(x_1^-3.0 * x_3^2.0) ) + -26.846*log( 0.0+1.0*(x_1^-1.0 * x_6^-1.0) ) + 21.496*log( 0.0+1.0*(x_4^-2.0) ) + -5.279*log( 0.0+1.0*(x_6^-1.0 * x_8^-2.0) ) + -0.053*sqrt( 0.0+1.0*(x_8^2.0) ) + 36.032*sqrt( 0.0+1.0*(x_2^1.0 * x_6^-1.0) ) + -633.0
concrete,3,4,236.501165871,8.014085560100195,0.23454145670229173,6.1718899959286535,8.018190218764856,0.2121324083959281,5.686795112491543,70,478.233*identity( 0.0+1.0*(x_1^-3.0 * x_2^2.0) ) + -17.728*log( 0.0+1.0*(x_1^-1.0 * x_6^3.0) ) + 22.86*log( 0.0+1.0*(x_7^-2.0 * x_8^-3.0) ) + -25.612*log( 0.0+1.0*(x_4^3.0 * x_8^-3.0) ) + -0.613*sin( 0.0+1.0*(x_4^3.0 * x_5^3.0) ) + -0.078*tan( 0.0+1.0*(x_1^1.0) ) + 979.0
concrete,3,5,4241.547686355,7.0456818035322355,0.1812832673666213,5.616617796245357,7.351385353882232,0.17831697584289044,5.598826001942392,136,-905.593*identity( 0.0+1.0*(x_4^-3.0 * x_8^2.0) ) + 98.133*log( 0.0+1.0*(x_4^-3.0 * x_8^2.0) ) + -62.26*log( 0.0+1.0*(x_4^-3.0 * x_8^3.0) ) + 7527.543*sin( 0.0+1.0*(x_7^-1.0) ) + -0.412*sin( 0.0+1.0*(x_7^3.0) ) + -763302.195*sin( 0.0+1.0*(x_4^2.0 * x_6^-3.0) ) + 4896.03*sin( 0.0+1.0*(x_4^3.0 * x_6^-3.0) ) + 2292.18*sin( 0.0+1.0*(x_2^1.0 * x_4^-2.0) ) + -22032.588*sin( 0.0+1.0*(x_2^2.0 * x_7^-3.0) ) + 0.301*sin( 0.0+1.0*(x_2^3.0) ) + -1.154810301e6*tan( 0.0+1.0*(x_1^1.0 * x_4^-3.0) ) + 9326.993*tan( 0.0+1.0*(x_1^1.0 * x_4^-2.0) ) + 522.0
concrete,4,0,480.112616999,6.960811089900533,0.17104311537779082,5.567275103925634,6.652395822577732,0.1711708602765663,5.3277904948593005,106,3.417*log( 0.0+1.0*(x_1^-3.0 * x_8^3.0) ) + -20.819*log( 0.0+1.0*(x_1^-2.0 * x_4^-1.0) ) + 61.788*log( 0.0+1.0*(x_4^-1.0) ) + -0.539*sqrt( 0.0+1.0*(x_4^-1.0 * x_8^2.0) ) + 48.172*tan( 0.0+1.0*(x_3^1.0 * x_7^-1.0) ) + -94073.56*tan( 0.0+1.0*(x_2^1.0 * x_7^-2.0) ) + 211.772*tan( 0.0+1.0*(x_2^1.0 * x_7^-1.0) ) + -52952.101*tan( 0.0+1.0*(x_2^2.0 * x_7^-3.0) ) + 0.007*tan( 0.0+1.0*(x_1^3.0 * x_8^-3.0) ) + 33.0
concrete,4,1,223.213668578,7.1287407382500385,0.17939549952743317,5.61910943240845,7.283868632906819,0.20520969652610277,5.650773904929292,67,2.894*log( 0.0+1.0*(x_4^-2.0 * x_8^3.0) ) + -17.789*sqrt( 0.0+1.0*(x_4^-1.0 * x_5^2.0) ) + -1.01*sqrt( 0.0+1.0*(x_7^1.0) ) + 6.478*sqrt( 0.0+1.0*(x_5^1.0) ) + 0.053*sqrt( 0.0+1.0*(x_2^3.0 * x_4^-1.0) ) + 536.203*sqrt( 0.0+1.0*(x_1^1.0 * x_4^-2.0) ) + 9.0
concrete,4,2,739.818857989,7.956796274773453,0.22349220491411637,6.537386938642652,7.488380029401314,0.2168949407285852,6.107415140155031,73,-1.509*exp( 0.0+1.0*(x_1^-1.0 * x_2^1.0) ) + -4.755*exp( 0.0+1.0*(x_6^-3.0 * x_7^3.0) ) + -0.002*sqrt( 0.0+1.0*(x_6^3.0 * x_8^-1.0) ) + 0.0*sqrt( 0.0+1.0*(x_2^1.0 * x_6^3.0) ) + 64.686*sqrt( 0.0+1.0*(x_2^3.0 * x_6^-3.0) ) + 515.027*sqrt( 0.0+1.0*(x_1^1.0 * x_4^-2.0) ) + 10.0
concrete,4,3,184.295557729,7.680284954639381,0.20822869156392776,6.006778551999938,7.295030127328359,0.2058390878264831,5.565040778766193,70,27.061*log( 0.0+1.0*(x_4^-3.0 * x_6^-1.0) ) + 13.515*log( 0.0+1.0*(x_4^-3.0 * x_7^-3.0) ) + 22.362*log( 0.0+1.0*(x_7^1.0) ) + -2.819*log( 0.0+1.0*(x_7^3.0 * x_8^-3.0) ) + 18.468*log( 0.0+1.0*(x_1^1.0 * x_4^3.0) ) + 0.003*sqrt( 0.0+1.0*(x_1^1.0 * x_2^2.0) ) + 610.0
concrete,4,4,347.771772504,7.657741533876005,0.20700808639840018,6.138783070181748,7.631470749525782,0.22526315213786413,5.890585922056421,70,3.374*log( 0.0+1.0*(x_1^-1.0 * x_8^3.0) ) + -6.84*log( 0.0+1.0*(x_1^-1.0 * x_4^2.0) ) + -1.096*sqrt( 0.0+1.0*(x_7^1.0) ) + -0.0*sqrt( 0.0+1.0*(x_7^1.0 * x_8^3.0) ) + 411.792*sqrt( 0.0+1.0*(x_1^1.0 * x_4^-2.0) ) + 0.0*sqrt( 0.0+1.0*(x_1^1.0 * x_2^3.0) ) + 46.0
concrete,4,5,883.400385619,7.103477378146866,0.1781262424126465,5.666477568038027,6.900071712611519,0.18415388179661654,5.4751527003908835,100,-6.041*log( 0.0+1.0*(x_1^-3.0 * x_8^-2.0) ) + 10.484*log( 0.0+1.0*(x_1^-3.0) ) + -14.055*log( 0.0+1.0*(x_1^-3.0 * x_4^3.0) ) + -0.0*sin( 0.0+1.0*(x_1^-2.0 * x_8^-2.0) ) + -40.336*sin( 0.0+1.0*(x_7^-1.0 * x_8^1.0) ) + 16.629*sin( 0.0+1.0*(x_8^-1.0) ) + 0.113*sqrt( 0.0+1.0*(x_3^3.0 * x_6^-1.0) ) + 1119.193*sqrt( 0.0+1.0*(x_2^1.0 * x_6^-2.0) ) + -0.083*tan( 0.0+1.0*(x_1^3.0) ) + 48.0
energyCooling,0,0,3264.14348515,1.7094793655875877,0.03226398356592615,1.1729835090969583,2.042346758513525,0.045729360571323305,1.4741482249141156,130,-253366.032*sqrt( 0.0+1.0*(x_2^-2.0 * x_3^-1.0) ) + 14317.926*sqrt( 0.0+1.0*(x_2^-2.0 * x_7^3.0) ) + 5.915*sqrt( 0.0+1.0*(x_2^-2.0 * x_4^3.0) ) + 5.644*tan( 0.0+1.0*(x_3^-1.0 * x_5^3.0) ) + -0.509*tan( 0.0+1.0*(x_3^-1.0 * x_4^3.0) ) + 7.0*tan( 0.0+1.0*(x_5^3.0) ) + -0.08*tan( 0.0+1.0*(x_4^3.0 * x_7^3.0) ) + -2.269*tan( 0.0+1.0*(x_4^3.0 * x_5^3.0) ) + -0.449*tan( 0.0+1.0*(x_3^3.0 * x_4^-3.0) ) + -2.17*tan( 0.0+1.0*(x_3^3.0 * x_4^3.0) ) + 0.356*tan( 0.0+1.0*(x_2^3.0 * x_3^2.0) ) + 21.0
energyCooling,0,1,480.044597806,1.862737313284739,0.03830835384273439,1.3716922281679225,2.1268192490323594,0.0495903681565999,1.5293030291956424,103,-0.0*identity( 0.0+1.0*(x_3^-3.0) ) + -5.917*sqrt( 0.0+1.0*(x_5^-3.0 * x_7^2.0) ) + -175.397*sqrt( 0.0+1.0*(x_5^-2.0 * x_7^1.0) ) + 0.276*sqrt( 0.0+1.0*(x_4^2.0 * x_7^1.0) ) + 0.015*sqrt( 0.0+1.0*(x_3^2.0 * x_5^2.0) ) + -2.784*tan( 0.0+1.0*(x_2^2.0) ) + 0.266*tan( 0.0+1.0*(x_2^2.0 * x_5^3.0) ) + 0.262*tan( 0.0+1.0*(x_2^3.0 * x_5^-1.0) ) + 1.794*tan( 0.0+1.0*(x_2^3.0 * x_5^1.0) ) + -7.0
energyCooling,0,2,6272.881659627,1.8035609289243717,0.035913017636952774,1.2584273729953044,2.17823558803706,0.052017067686750997,1.5256548715005562,166,-75.785*log( 0.0+1.0*(x_1^-1.0 * x_5^-1.0) ) + -4.271219079e6*sin( 0.0+1.0*(x_3^-1.0 * x_4^-1.0) ) + 7967.969*sin( 0.0+1.0*(x_3^-1.0 * x_7^3.0) ) + 966667.504*sin( 0.0+1.0*(x_4^-2.0 * x_7^3.0) ) + -3.337*sin( 0.0+1.0*(x_5^-1.0 * x_6^-3.0) ) + 0.72*sin( 0.0+1.0*(x_6^3.0 * x_7^3.0) ) + 36428.686*sin( 0.0+1.0*(x_3^1.0 * x_4^-3.0) ) + 14.248*sin( 0.0+1.0*(x_3^2.0 * x_4^-2.0) ) + -1.066*sin( 0.0+1.0*(x_3^2.0 * x_4^-1.0) ) + -1.901*sin( 0.0+1.0*(x_3^3.0 * x_4^-3.0) ) + -0.216*sin( 0.0+1.0*(x_3^3.0 * x_5^-1.0) ) + 3.31*sin( 0.0+1.0*(x_3^3.0) ) + 3.014*sin( 0.0+1.0*(x_3^3.0 * x_5^1.0) ) + 2.195*tan( 0.0+1.0*(x_1^3.0 * x_5^1.0) ) + -3.0
energyCooling,0,3,1031.531516221,2.2936991724464217,0.05808489085352104,1.7414202961202898,2.5462936681370887,0.07108093764822267,1.9948023336697358,73,-18351.322*identity( 0.0+1.0*(x_3^-2.0 * x_5^3.0) ) + 73.734*identity( 0.0+1.0*(x_3^-1.0 * x_5^3.0) ) + 0.537*sin( 0.0+1.0*(x_2^3.0 * x_3^-2.0) ) + -1.999*sin( 0.0+1.0*(x_2^3.0 * x_5^1.0) ) + 1.637*sin( 0.0+1.0*(x_2^3.0 * x_5^3.0) ) + 31.558*sqrt( 0.0+1.0*(x_1^3.0 * x_7^3.0) ) + 13.0
energyCooling,0,4,359.766652235,2.4405723658932676,0.06576179226393589,1.9469980267787956,2.493449383271927,0.0681612083511933,1.9912521936034915,67,2.938*sin( 0.0+1.0*(x_3^-2.0 * x_4^3.0) ) + -2.558*sin( 0.0+1.0*(x_3^-1.0 * x_4^3.0) ) + 6.818*sqrt( 0.0+1.0*(x_5^1.0 * x_7^2.0) ) + 0.637*sqrt( 0.0+1.0*(x_5^2.0) ) + -0.352*sqrt( 0.0+1.0*(x_3^1.0) ) + 0.0*sqrt( 0.0+1.0*(x_3^3.0 * x_5^3.0) ) + 13.0
energyCooling,0,5,571.276771416,2.405267402795712,0.06387295268904807,1.9090113963365705,2.555350177051161,0.0715874699238267,1.99526622471337,61,-2.76*log( 0.0+1.0*(x_1^-3.0 * x_5^3.0) ) + 0.896*sqrt( 0.0+1.0*(x_5^3.0 * x_7^1.0) ) + 0.004*sqrt( 0.0+1.0*(x_3^2.0 * x_5^3.0) ) + -0.254*tan( 0.0+1.0*(x_3^3.0 * x_5^2.0) ) + -0.037*tan( 0.0+1.0*(x_3^3.0 * x_5^3.0) ) + 20.0
energyCooling,1,0,613.082298047,1.8424926096784904,0.03751097885596314,1.3024199044065397,1.687645802240369,0.03125486065448663,1.1538353045954806,94,1.253*cos( 0.0+1.0*(x_1^-3.0 * x_2^3.0) ) + 2.48*cos( 0.0+1.0*(x_1^-1.0 * x_2^2.0) ) + 0.944*cos( 0.0+1.0*(x_4^3.0) ) + -4.732*cos( 0.0+1.0*(x_3^3.0 * x_5^2.0) ) + -0.592*cos( 0.0+1.0*(x_2^3.0 * x_5^2.0) ) + -31806.581*sqrt( 0.0+1.0*(x_1^3.0 * x_2^-2.0) ) + 30.649*sqrt( 0.0+1.0*(x_1^3.0 * x_7^3.0) ) + 9.565*sqrt( 0.0+1.0*(x_1^3.0 * x_5^2.0) ) + 21.0
energyCooling,1,1,4445.999187718,1.7457297818938173,0.03367448248423006,1.2259674835927197,1.5935203446979513,0.02786571462057336,1.0507037794333731,94,1.497745523e6*cos( 0.0+1.0*(x_1^-2.0 * x_3^-1.0) ) + -4.636*cos( 0.0+1.0*(x_1^-2.0) ) + 6.228*log( 0.0+1.0*(x_2^-1.0 * x_5^-2.0) ) + -354512.408*sin( 0.0+1.0*(x_3^-3.0 * x_5^3.0) ) + 2.746*sqrt( 0.0+1.0*(x_5^2.0 * x_7^2.0) ) + -0.517*tan( 0.0+1.0*(x_3^1.0 * x_5^3.0) ) + -0.367*tan( 0.0+1.0*(x_3^3.0 * x_5^2.0) ) + -0.205*tan( 0.0+1.0*(x_2^3.0 * x_5^2.0) ) + -1.497636e6
energyCooling,1,2,3915.402690733,1.9749370811850946,0.043097632791391505,1.486088711576773,1.938949417275483,0.041256076050162405,1.4521095913776274,94,-233.704*sqrt( 0.0+1.0*(x_3^-2.0 * x_6^-2.0) ) + 8.408*sqrt( 0.0+1.0*(x_4^-1.0 * x_5^3.0) ) + -92.985*tan( 0.0+1.0*(x_7^3.0) ) + -0.313*tan( 0.0+1.0*(x_3^3.0 * x_4^-3.0) ) + -1.94*tan( 0.0+1.0*(x_3^3.0 * x_4^3.0) ) + -0.172*tan( 0.0+1.0*(x_2^1.0 * x_5^-3.0) ) + 0.173*tan( 0.0+1.0*(x_2^2.0 * x_5^-3.0) ) + 89.128*tan( 0.0+1.0*(x_1^1.0 * x_7^2.0) ) + 12.0
energyCooling,1,3,500.616578199,3.123310994194933,0.107789721058608,2.2430875459063944,3.0849023185424422,0.10443300959242817,2.1986399368898772,37,304.652*sqrt( 0.0+1.0*(x_2^-1.0 * x_7^1.0) ) + 55.718*sqrt( 0.0+1.0*(x_2^1.0 * x_4^-2.0) ) + 0.0*sqrt( 0.0+1.0*(x_2^3.0 * x_5^3.0) ) + -9.0
energyCooling,1,4,886.142180249,3.0445875141532412,0.10242449047851507,2.151075250156655,3.014204070410053,0.09970117209716077,2.050827479119647,55,-29.843*identity( 0.0+1.0*(x_1^-2.0) ) + 0.0*identity( 0.0+1.0*(x_4^2.0) ) + -41.709*sqrt( 0.0+1.0*(x_3^3.0 * x_4^-3.0) ) + 4.634*sqrt( 0.0+1.0*(x_3^3.0 * x_4^-2.0) ) + 19.411*sqrt( 0.0+1.0*(x_1^2.0 * x_7^2.0) ) + 22.0
energyCooling,1,5,464.285206286,3.0781926587167434,0.10469802379805969,2.1195862696347185,3.0157147101882376,0.09980113234836334,2.064823886301955,73,0.0*identity( 0.0+1.0*(x_3^-2.0 * x_5^-3.0) ) + 0.024*identity( 0.0+1.0*(x_5^3.0 * x_7^1.0) ) + 0.0*identity( 0.0+1.0*(x_3^1.0 * x_5^3.0) ) + 0.0*identity( 0.0+1.0*(x_3^2.0 * x_7^1.0) ) + -0.0*identity( 0.0+1.0*(x_3^3.0 * x_7^1.0) ) + -3.984*log( 0.0+1.0*(x_1^3.0 * x_5^-1.0) ) + 2.0
energyCooling,2,0,1161.565890969,3.133678810807157,0.10433481654333168,2.4265686341328316,3.4675870426119006,0.15673454187820063,2.6694151842459712,37,102.244*exp( 0.0+1.0*(x_5^-1.0 * x_7^2.0) ) + 8.037*log( 0.0+1.0*(x_3^3.0 * x_5^3.0) ) + -3.078*sin( 0.0+1.0*(x_1^3.0 * x_4^2.0) ) + -257.0
energyCooling,2,1,1225.046467767,2.8384121131958158,0.08559949406900348,1.9242865637897502,2.8780314752503537,0.10796949110517622,1.9930962241177264,82,-200699.875*identity( 0.0+1.0*(x_3^-3.0 * x_5^3.0) ) + 22.86*identity( 0.0+1.0*(x_3^-3.0 * x_4^3.0) ) + -653036.823*identity( 0.0+1.0*(x_3^-2.0 * x_5^1.0) ) + 39295.581*identity( 0.0+1.0*(x_4^-1.0 * x_5^-1.0) ) + 2414.775*identity( 0.0+1.0*(x_4^-1.0 * x_7^1.0) ) + 5.799*sqrt( 0.0+1.0*(x_5^3.0) ) + -7.692*sqrt( 0.0+1.0*(x_3^3.0 * x_4^-3.0) ) + -46.0
energyCooling,2,2,711.547369936,2.740982496960985,0.079823877346303,1.7554916583153009,2.850183575565983,0.10589016916629894,1.897438487369208,85,-6.881959997e6*identity( 0.0+1.0*(x_3^-3.0 * x_5^3.0) ) + -513511.836*identity( 0.0+1.0*(x_3^-2.0 * x_5^-3.0) ) + 289298.185*identity( 0.0+1.0*(x_3^-2.0 * x_7^1.0) ) + 26109.266*identity( 0.0+1.0*(x_3^-2.0 * x_5^3.0) ) + 0.71*sqrt( 0.0+1.0*(x_5^3.0 * x_7^1.0) ) + -0.07*tan( 0.0+1.0*(x_3^1.0 * x_8^2.0) ) + 0.415*tan( 0.0+1.0*(x_1^3.0 * x_4^1.0) ) + 11.0
energyCooling,2,3,304.241914273,2.558192322866851,0.06953231312852633,2.0188678885680016,2.617982765663913,0.08933950511248802,2.053291117109707,76,-1.140992104e6*sqrt( 0.0+1.0*(x_2^-3.0 * x_5^2.0) ) + -26566.295*sqrt( 0.0+1.0*(x_3^-2.0 * x_5^1.0) ) + -362.643*sqrt( 0.0+1.0*() ) + 6.546*sqrt( 0.0+1.0*(x_5^1.0 * x_7^2.0) ) + 23.733*sqrt( 0.0+1.0*(x_5^3.0) ) + -202624.412*sqrt( 0.0+1.0*(x_1^1.0 * x_4^-3.0) ) + 364043.725*sqrt( 0.0+1.0*(x_1^3.0 * x_2^-2.0) ) + 359.0
energyCooling,2,4,549.048515387,2.5257602722625907,0.06778046603863046,1.8080293683217454,2.3400199383653892,0.07137548818275102,1.7491971011565843,76,-6576.009*sqrt( 0.0+1.0*(x_1^-2.0 * x_4^-3.0) ) + 1.587*sqrt( 0.0+1.0*(x_1^-2.0 * x_5^3.0) ) + 17990.84*sqrt( 0.0+1.0*(x_4^-3.0 * x_7^2.0) ) + 0.047*sqrt( 0.0+1.0*() ) + 4.744*sqrt( 0.0+1.0*(x_7^1.0) ) + -0.137*tan( 0.0+1.0*(x_3^2.0 * x_4^-2.0) ) + 0.038*tan( 0.0+1.0*(x_3^3.0 * x_4^-3.0) ) + 0.0
energyCooling,2,5,2508.887307638,2.848104902085856,0.08618511338305565,2.2225196570069263,2.818512145377292,0.10354992701615352,2.167733514901841,43,-6.543*log( 0.0+1.0*(x_3^-2.0 * x_5^-3.0) ) + 64.829*tan( 0.0+1.0*(x_7^3.0) ) + -0.671*tan( 0.0+1.0*(x_4^2.0) ) + -1.128*tan( 0.0+1.0*(x_3^3.0 * x_4^3.0) ) + -84.0
energyCooling,3,0,1979.897451727,1.815100034102131,0.037240100100515275,1.2852413360621813,1.7506141668740274,0.031166059298695977,1.2289980627726766,85,-3205.94*sqrt( 0.0+1.0*(x_1^-3.0 * x_2^-1.0) ) + 254417.747*sqrt( 0.0+1.0*(x_2^-3.0 * x_7^2.0) ) + -283353.782*sqrt( 0.0+1.0*(x_2^-3.0 * x_4^1.0) ) + 2256.545*sqrt( 0.0+1.0*(x_2^-1.0 * x_5^-1.0) ) + 7.823*tan( 0.0+1.0*(x_4^1.0 * x_5^-2.0) ) + -0.964*tan( 0.0+1.0*(x_2^3.0 * x_5^-1.0) ) + 1.639*tan( 0.0+1.0*(x_2^3.0 * x_5^1.0) ) + 396.0
energyCooling,3,1,325.682474581,2.788770834182489,0.08790941001861231,1.9907550514429815,3.117155765390738,0.0988138964061785,2.216716699840927,49,2.188*sin( 0.0+1.0*(x_1^-2.0 * x_3^3.0) ) + -0.103*sqrt( 0.0+1.0*(x_3^2.0 * x_5^-2.0) ) + 0.036*sqrt( 0.0+1.0*(x_3^2.0 * x_7^1.0) ) + 0.009*sqrt( 0.0+1.0*(x_3^2.0 * x_5^2.0) ) + 11.0
energyCooling,3,2,1017.46105627,3.2130121309754323,0.11669021508268416,2.255827788984791,3.475672496290393,0.12285100391067046,2.392711706620502,46,8.131*exp( 0.0+1.0*(x_7^1.0) ) + 0.321*identity( 0.0+1.0*(x_5^2.0 * x_7^2.0) ) + 2.572*log( 0.0+1.0*(x_2^2.0 * x_5^-3.0) ) + -19.545*log( 0.0+1.0*(x_1^1.0 * x_5^-2.0) ) + -76.0
energyCooling,3,3,388.447966064,2.3846388617528778,0.0642769031388173,1.6675200977204407,2.518255627191821,0.06449122724001108,1.7422933488736279,67,103.595*identity( 0.0+1.0*(x_5^-1.0) ) + 4.793*sqrt( 0.0+1.0*(x_7^1.0) ) + 0.285*sqrt( 0.0+1.0*(x_5^3.0 * x_7^1.0) ) + 0.349*sqrt( 0.0+1.0*(x_5^3.0 * x_7^2.0) ) + 0.406*sqrt( 0.0+1.0*(x_2^1.0 * x_5^2.0) ) + -0.063*tan( 0.0+1.0*(x_1^3.0 * x_2^3.0) ) + -56.0
energyCooling,3,4,2604.06538218,2.9858421286571226,0.10077281552327164,2.0900642301536294,3.2919290978138567,0.11020516794610824,2.2994452764698434,64,-64.515*log( 0.0+1.0*(x_2^-3.0) ) + 37.776*sin( 0.0+1.0*(x_7^1.0) ) + 0.352*sin( 0.0+1.0*(x_4^2.0 * x_7^3.0) ) + -0.182*sqrt( 0.0+1.0*(x_4^2.0 * x_7^3.0) ) + 0.003*sqrt( 0.0+1.0*(x_2^2.0 * x_5^3.0) ) + 411.758*sqrt( 0.0+1.0*(x_1^1.0) ) + -1620.0
energyCooling,3,5,502.802754618,2.137972867974115,0.05166710033870068,1.5481538242105264,2.209452900086843,0.049644428003495424,1.5647584866065782,94,-23.677*log( 0.0+1.0*(x_2^-1.0 * x_3^-2.0) ) + -2.552*sqrt( 0.0+1.0*(x_2^-1.0 * x_4^3.0) ) + 157034.982*sqrt( 0.0+1.0*(x_3^-2.0 * x_5^-3.0) ) + 3.861*sqrt( 0.0+1.0*(x_5^2.0 * x_7^3.0) ) + -9159.306*sqrt( 0.0+1.0*(x_2^1.0 * x_4^-3.0) ) + -0.035*tan( 0.0+1.0*(x_2^2.0 * x_4^3.0) ) + -0.321*tan( 0.0+1.0*(x_2^3.0) ) + 1.163*tan( 0.0+1.0*(x_2^3.0 * x_5^1.0) ) + -111.0
energyCooling,4,0,15542.201365178,1.704111766841376,0.032592038311526496,1.1484690346180597,1.7898588344736084,0.033480840638796985,1.275315640517757,172,0.523*sqrt( 0.0+1.0*(x_1^-3.0 * x_6^-1.0) ) + -0.465*tan( 0.0+1.0*(x_1^-2.0 * x_5^1.0) ) + 0.0*tan( 0.0+1.0*(x_2^-3.0 * x_3^1.0) ) + 0.0*tan( 0.0+1.0*(x_2^-2.0 * x_3^-1.0) ) + 54.066*tan( 0.0+1.0*(x_2^-2.0 * x_3^2.0) ) + -168.074*tan( 0.0+1.0*(x_5^-3.0) ) + 22.425*tan( 0.0+1.0*(x_7^1.0) ) + -125.09*tan( 0.0+1.0*(x_7^2.0) ) + 16.501*tan( 0.0+1.0*(x_5^2.0 * x_7^3.0) ) + 1.978*tan( 0.0+1.0*(x_5^3.0 * x_7^2.0) ) + 4.37*tan( 0.0+1.0*(x_5^3.0 * x_7^3.0) ) + -0.23*tan( 0.0+1.0*(x_3^1.0 * x_5^3.0) ) + 0.023*tan( 0.0+1.0*(x_3^3.0 * x_5^-1.0) ) + -0.332*tan( 0.0+1.0*(x_3^3.0 * x_5^2.0) ) + -0.714*tan( 0.0+1.0*(x_2^3.0 * x_3^-3.0) ) + 8.0
energyCooling,4,1,723.676581548,2.964836418602808,0.09865448754505664,2.0207639792081595,2.896748685911046,0.08769613062788388,2.0656041915831804,49,-3.1438605618e7*identity( 0.0+1.0*(x_1^-2.0 * x_4^-3.0) ) + -7197.731*sqrt( 0.0+1.0*(x_2^-2.0 * x_5^2.0) ) + 30191.445*sqrt( 0.0+1.0*(x_4^-3.0 * x_7^2.0) ) + 210.732*sqrt( 0.0+1.0*(x_4^-1.0 * x_5^2.0) ) + 5.0
energyCooling,4,2,434.797913924,2.0039935261114734,0.04507212147171122,1.5872389341926452,1.9876093883890422,0.04128771738191669,1.6220812418327144,73,1.411*sqrt( 0.0+1.0*(x_1^-2.0 * x_5^3.0) ) + 0.653*sqrt( 0.0+1.0*(x_3^1.0 * x_7^1.0) ) + 0.229*tan( 0.0+1.0*(x_2^2.0 * x_4^-2.0) ) + 0.189*tan( 0.0+1.0*(x_2^2.0 * x_5^3.0) ) + -1.146*tan( 0.0+1.0*(x_1^2.0 * x_2^2.0) ) + -0.002*tan( 0.0+1.0*(x_1^3.0 * x_2^3.0) ) + -3.0
energyCooling,4,3,481.557661001,2.57463304857398,0.07439539448403998,2.042420157098516,2.566389013333177,0.06883412072588153,2.0880649833539437,94,5.919397796e6*sqrt( 0.0+1.0*(x_1^-3.0 * x_2^-3.0) ) + -1.7265046182e7*sqrt( 0.0+1.0*(x_2^-3.0) ) + 1.556121679e6*sqrt( 0.0+1.0*(x_3^-2.0 * x_5^-3.0) ) + -97513.227*sqrt( 0.0+1.0*(x_3^-1.0 * x_5^-3.0) ) + -652992.277*sqrt( 0.0+1.0*(x_1^2.0 * x_3^-2.0) ) + 15.859*sqrt( 0.0+1.0*(x_1^2.0 * x_7^1.0) ) + -9.406803703e6*sqrt( 0.0+1.0*(x_1^3.0 * x_3^-3.0) ) + 1.454457591e6*sqrt( 0.0+1.0*(x_1^3.0 * x_3^-2.0) ) + 188.0
energyCooling,4,4,492.679160539,1.9057812097834492,0.04076256018147999,1.2595704560014778,2.015783957882098,0.04246652883354385,1.3346185553702186,73,1.227*sqrt( 0.0+1.0*(x_1^-2.0 * x_5^3.0) ) + 2.866*sqrt( 0.0+1.0*(x_5^2.0 * x_7^2.0) ) + 0.33*tan( 0.0+1.0*(x_2^2.0 * x_5^3.0) ) + 0.395*tan( 0.0+1.0*(x_2^3.0 * x_3^-1.0) ) + -0.07*tan( 0.0+1.0*(x_1^3.0 * x_5^3.0) ) + 0.03*tan( 0.0+1.0*(x_1^3.0 * x_2^2.0) ) + 1.0
energyCooling,4,5,7807.246667546,1.8088710796803065,0.03672236156033839,1.2321088163162515,1.9240275896049186,0.038688454842917205,1.360480373430638,139,-4020.555*identity( 0.0+1.0*(x_2^-2.0 * x_3^1.0) ) + -505970.165*identity( 0.0+1.0*(x_2^-1.0 * x_5^-3.0) ) + 8.857*log( 0.0+1.0*(x_5^3.0) ) + -369.064*sin( 0.0+1.0*(x_2^1.0 * x_4^-2.0) ) + -0.251*sin( 0.0+1.0*(x_2^1.0 * x_7^2.0) ) + -2.363*sin( 0.0+1.0*(x_2^1.0 * x_5^1.0) ) + -1.402*sin( 0.0+1.0*(x_2^1.0 * x_5^2.0) ) + -0.392*sin( 0.0+1.0*(x_2^2.0) ) + -3.593*sin( 0.0+1.0*(x_2^2.0 * x_5^3.0) ) + 2.176*sin( 0.0+1.0*(x_2^2.0 * x_4^2.0) ) + 60.484*sin( 0.0+1.0*(x_1^3.0 * x_7^2.0) ) + 6.329*sin( 0.0+1.0*(x_1^3.0 * x_5^1.0) ) + 0.0
energyHeating,0,0,709.410567444,2.8920471806398145,0.08243874821390833,1.9657866428491082,3.2992378044566206,0.10601451844168412,2.2184062234690285,73,-75.273*identity( 0.0+1.0*(x_2^-2.0 * x_4^-2.0) ) + -2.568191143e6*identity( 0.0+1.0*(x_2^-1.0 * x_4^-1.0) ) + 163.012*identity( 0.0+1.0*(x_2^-1.0 * x_5^3.0) ) + -64.253*identity( 0.0+1.0*(x_3^-1.0 * x_5^3.0) ) + 13986.035*identity( 0.0+1.0*(x_4^-1.0 * x_7^3.0) ) + -3.15*log( 0.0+1.0*(x_2^2.0 * x_5^-3.0) ) + 57.0
energyHeating,0,1,513.85785468,2.3713566690419623,0.05542611020802768,1.6396806057070565,2.483080160770642,0.060050908889284146,1.7392775744515154,58,1.669*sin( 0.0+1.0*(x_1^-2.0 * x_3^3.0) ) + 0.0*sin( 0.0+1.0*(x_3^-3.0) ) + 1.178*sqrt( 0.0+1.0*(x_5^3.0 * x_7^1.0) ) + 0.0*sqrt( 0.0+1.0*(x_3^3.0 * x_5^3.0) ) + -0.018*tan( 0.0+1.0*(x_1^3.0 * x_6^2.0) ) + 5.0
energyHeating,0,2,300.805454314,2.4159242433294286,0.05752905828773112,1.6146569763053782,2.500727415570514,0.060907505846142136,1.74929162823346,73,-13233.612*sin( 0.0+1.0*(x_3^-2.0 * x_5^3.0) ) + 92.22*sin( 0.0+1.0*(x_3^-1.0 * x_5^3.0) ) + -692.688*sqrt( 0.0+1.0*(x_5^-3.0 * x_7^1.0) ) + 411.869*sqrt( 0.0+1.0*(x_5^-2.0 * x_7^1.0) ) + -0.189*sqrt( 0.0+1.0*(x_3^1.0 * x_5^2.0) ) + 0.093*sqrt( 0.0+1.0*(x_3^2.0 * x_5^-1.0) ) + -2.0
energyHeating,0,3,424.469942749,2.6193683630877693,0.06762601503573472,1.8069674973698577,2.8171717462047354,0.07729737634976161,1.932005909086465,61,5805.701*sqrt( 0.0+1.0*(x_2^-3.0 * x_4^1.0) ) + -1035.362*sqrt( 0.0+1.0*(x_2^-2.0 * x_8^2.0) ) + 3.364*sqrt( 0.0+1.0*(x_5^2.0 * x_7^2.0) ) + 0.012*sqrt( 0.0+1.0*(x_3^2.0 * x_5^2.0) ) + 5.697*sqrt( 0.0+1.0*(x_1^1.0 * x_8^1.0) ) + -10.0
energyHeating,0,4,289.584372746,1.3459983660309345,0.017857049666290006,1.0912049618613582,1.4280698388287296,0.019862641249343227,1.1486711688500073,106,-742136.345*sqrt( 0.0+1.0*(x_1^-2.0 * x_4^-3.0) ) + 1.260744052e6*sqrt( 0.0+1.0*(x_3^-3.0 * x_5^2.0) ) + -1081.939*sqrt( 0.0+1.0*(x_3^-3.0 * x_4^3.0) ) + 44948.636*sqrt( 0.0+1.0*(x_3^-1.0 * x_5^1.0) ) + -28095.62*sqrt( 0.0+1.0*(x_3^-1.0 * x_5^2.0) ) + -130437.137*sqrt( 0.0+1.0*(x_4^-1.0) ) + 50385.918*sqrt( 0.0+1.0*(x_4^-1.0 * x_5^1.0) ) + 11.49*sqrt( 0.0+1.0*(x_5^1.0 * x_7^1.0) ) + -0.528*sqrt( 0.0+1.0*(x_3^1.0 * x_7^1.0) ) + 3431.0
energyHeating,0,5,1077.296251312,2.7393211155262147,0.07396163984157068,1.8683981033354369,3.053934532291537,0.09083590563780856,2.1622736706086516,55,-10219.03*exp( 0.0+1.0*(x_1^-2.0 * x_2^-1.0) ) + -44985.525*exp( 0.0+1.0*(x_2^-1.0) ) + 13339.106*exp( 0.0+1.0*(x_2^-1.0 * x_7^1.0) ) + 6.598*log( 0.0+1.0*(x_4^-3.0 * x_5^2.0) ) + -5.046*log( 0.0+1.0*(x_5^-2.0) ) + 42043.0
energyHeating,1,0,757.633921903,1.5215660751079607,0.022623506109134908,1.04957459747599,1.6551286148118642,0.02774207167045008,1.1165992477078015,79,7.533*sqrt( 0.0+1.0*(x_1^-3.0) ) + 5.431*sqrt( 0.0+1.0*(x_5^2.0) ) + 3.863*sqrt( 0.0+1.0*(x_5^2.0 * x_7^2.0) ) + 0.046*tan( 0.0+1.0*(x_1^1.0 * x_5^2.0) ) + -0.997*tan( 0.0+1.0*(x_1^2.0 * x_2^1.0) ) + 1.149*tan( 0.0+1.0*(x_1^3.0 * x_5^2.0) ) + 0.175*tan( 0.0+1.0*(x_1^3.0 * x_3^2.0) ) + -23.0
energyHeating,1,1,528.399838182,1.292370392246005,0.01632120718056539,1.0038971843606999,1.2743170794966625,0.016444868426774794,1.0297390491002554,73,-3.460148432e6*sqrt( 0.0+1.0*(x_2^-3.0 * x_5^-3.0) ) + 3.079*sqrt( 0.0+1.0*(x_5^2.0 * x_7^1.0) ) + 0.348*tan( 0.0+1.0*(x_2^1.0 * x_5^3.0) ) + -0.798*tan( 0.0+1.0*(x_2^2.0 * x_5^2.0) ) + -0.884*tan( 0.0+1.0*(x_1^2.0 * x_2^1.0) ) + -2.017*tan( 0.0+1.0*(x_1^2.0 * x_2^2.0) ) + 34.0
energyHeating,1,2,515.061551452,1.630516879192423,0.02597938559317384,1.251338747028674,1.7146341958315916,0.02977270929305143,1.3155907039932133,58,-3.046*sin( 0.0+1.0*(x_1^-3.0 * x_5^3.0) ) + 5.186*sin( 0.0+1.0*(x_3^-2.0 * x_4^3.0) ) + 0.053*sqrt( 0.0+1.0*(x_3^2.0 * x_7^1.0) ) + 0.012*sqrt( 0.0+1.0*(x_3^2.0 * x_5^2.0) ) + -1.809*tan( 0.0+1.0*(x_2^2.0) ) + -6.0
energyHeating,1,3,694.303413833,0.6811569369545399,0.004533907397030147,0.5374171936518058,0.6855957961044303,0.004760051890679483,0.4993825852058831,109,176393.312*sqrt( 0.0+1.0*(x_2^-2.0) ) + 44130.112*sqrt( 0.0+1.0*(x_3^-3.0) ) + -12621.886*sqrt( 0.0+1.0*(x_3^-2.0) ) + 2759.433*sqrt( 0.0+1.0*(x_4^-2.0 * x_7^1.0) ) + -0.982*tan( 0.0+1.0*(x_3^3.0 * x_4^3.0) ) + -0.017*tan( 0.0+1.0*(x_1^1.0 * x_2^-2.0) ) + -142.69*tan( 0.0+1.0*(x_1^1.0) ) + -0.257*tan( 0.0+1.0*(x_1^1.0 * x_2^2.0) ) + 0.145*tan( 0.0+1.0*(x_1^2.0 * x_4^3.0) ) + -0.352*tan( 0.0+1.0*(x_1^3.0 * x_4^3.0) ) + -80.0
energyHeating,1,4,1337.421390144,3.3141960005558118,0.10733334289316168,2.4560628201636936,3.5286901600673204,0.12609633037772316,2.664751626274757,58,-58.872*cos( 0.0+1.0*(x_4^1.0) ) + 35.56*log( 0.0+1.0*(x_2^1.0 * x_5^-3.0) ) + -0.141*tan( 0.0+1.0*(x_2^1.0 * x_5^-1.0) ) + 0.868*tan( 0.0+1.0*(x_2^2.0 * x_5^-1.0) ) + 1.139*tan( 0.0+1.0*(x_2^3.0 * x_5^1.0) ) + -41.0
energyHeating,1,5,1821.578965368,2.087606856317949,0.04258686852688044,1.528190610187648,2.0150582335976743,0.04111976254666666,1.5079545864081123,61,-31.327*log( 0.0+1.0*(x_1^-3.0 * x_2^-3.0) ) + 34.001*log( 0.0+1.0*(x_1^-1.0 * x_5^1.0) ) + 6687.983*sin( 0.0+1.0*(x_4^-1.0 * x_7^2.0) ) + -1.468*sin( 0.0+1.0*(x_2^3.0 * x_4^-2.0) ) + -2.476*sin( 0.0+1.0*(x_1^3.0 * x_2^3.0) ) + -629.0
energyHeating,2,0,1819.58812594,1.6294474953313154,0.026178446532800694,1.2793908536609915,1.478691049661544,0.02121873006775696,1.1689994747330532,115,2.181516521e6*identity( 0.0+1.0*(x_1^-3.0 * x_2^-1.0) ) + -910.468*identity( 0.0+1.0*(x_1^-3.0) ) + -3.310133382e6*identity( 0.0+1.0*(x_1^-2.0 * x_2^-1.0) ) + -2507.579*identity( 0.0+1.0*(x_1^-2.0 * x_5^-2.0) ) + 137.414*identity( 0.0+1.0*(x_1^-2.0) ) + 295030.078*identity( 0.0+1.0*(x_2^-1.0 * x_5^-2.0) ) + 5.081*identity( 0.0+1.0*(x_5^-1.0 * x_7^1.0) ) + 3.678*identity( 0.0+1.0*(x_5^1.0 * x_7^1.0) ) + -254.897*log( 0.0+1.0*(x_3^1.0 * x_5^1.0) ) + -977022.5*sqrt( 0.0+1.0*(x_1^2.0 * x_3^-3.0) ) + 5217.0
energyHeating,2,1,759.430414809,2.5825563553572026,0.06576014222174342,1.8518886869725262,2.415490087949519,0.05662067194763169,1.6595973466451162,46,-6.855499938e6*exp( 0.0+1.0*(x_3^-3.0 * x_4^1.0) ) + 29500.565*exp( 0.0+1.0*(x_3^-3.0 * x_4^2.0) ) + 214.069*sqrt( 0.0+1.0*(x_4^-1.0 * x_7^1.0) ) + 31.649*sqrt( 0.0+1.0*(x_5^1.0) ) + 6.82595e6
energyHeating,2,2,1660.713605901,1.9437273083599926,0.03725064541856896,1.4428775253895427,2.0354782410102543,0.040206607292150594,1.4263498719529297,46,-841509.827*identity( 0.0+1.0*(x_2^-2.0 * x_5^1.0) ) + 26.3*sin( 0.0+1.0*(x_5^1.0) ) + 3.154*sqrt( 0.0+1.0*(x_5^2.0 * x_7^1.0) ) + 0.177*tan( 0.0+1.0*(x_1^3.0 * x_4^2.0) ) + 23.0
energyHeating,2,3,4551.946857131,1.4871270062297521,0.021805158618208562,1.0850984098174912,1.370033443193536,0.01821490191468501,1.0272510184106343,82,7.148*log( 0.0+1.0*(x_1^-3.0 * x_5^3.0) ) + 166.488*tan( 0.0+1.0*(x_1^-2.0 * x_4^-1.0) ) + -0.184*tan( 0.0+1.0*(x_1^-2.0) ) + 0.0*tan( 0.0+1.0*(x_4^-2.0 * x_5^-3.0) ) + -70155.839*tan( 0.0+1.0*(x_4^-1.0 * x_5^-3.0) ) + 3405.55*tan( 0.0+1.0*(x_4^-1.0 * x_7^1.0) ) + -0.031*tan( 0.0+1.0*(x_1^3.0 * x_2^3.0) ) + -20.0
energyHeating,2,4,482.408113371,2.624464687092917,0.06791169911730445,1.822666072836554,2.4404741862074526,0.057798016725579736,1.6605070932072257,37,-449.406*sqrt( 0.0+1.0*(x_3^-2.0 * x_5^3.0) ) + 34916.271*sqrt( 0.0+1.0*(x_4^-3.0 * x_7^1.0) ) + -4103.383*sqrt( 0.0+1.0*(x_4^-1.0 * x_5^-2.0) ) + 97.0
energyHeating,2,5,8838.625976592,1.8696886618790238,0.03446685983778072,1.4114505282309462,1.7371304315607872,0.02928392976761068,1.2945598523760793,79,-2.953*log( 0.0+1.0*(x_2^-3.0 * x_3^-1.0) ) + -7.626*log( 0.0+1.0*(x_3^-1.0 * x_5^-3.0) ) + -0.003*sin( 0.0+1.0*(x_4^-3.0) ) + -610.079*sin( 0.0+1.0*(x_5^-3.0 * x_7^1.0) ) + 29.21*sin( 0.0+1.0*(x_7^1.0) ) + -1.91*sin( 0.0+1.0*(x_2^3.0 * x_4^-2.0) ) + -2.225*sin( 0.0+1.0*(x_1^3.0 * x_2^3.0) ) + -137.0
energyHeating,3,0,478.673347725,2.5206005476158397,0.06258257595021577,1.694130799692739,2.787541225658484,0.07581655826175657,1.9000429595978658,76,0.0*identity( 0.0+1.0*(x_3^-1.0 * x_4^-3.0) ) + -28.827*sin( 0.0+1.0*(x_5^-2.0) ) + 62.859*sqrt( 0.0+1.0*(x_7^1.0) ) + -3.525*sqrt( 0.0+1.0*(x_4^1.0 * x_7^1.0) ) + -0.011*sqrt( 0.0+1.0*(x_2^3.0 * x_5^-3.0) ) + 0.002*sqrt( 0.0+1.0*(x_2^3.0) ) + -0.093*tan( 0.0+1.0*(x_1^2.0 * x_4^2.0) ) + -5.0
energyHeating,3,1,4212.273667003,2.617698876120914,0.06749704432476002,1.7586302577923931,2.9289047957026493,0.08370125653889786,1.9831941436830602,100,23.519*sin( 0.0+1.0*(x_1^-1.0 * x_7^1.0) ) + 127.53*sin( 0.0+1.0*(x_4^-3.0 * x_6^-1.0) ) + 695952.973*sin( 0.0+1.0*(x_4^-2.0) ) + -681563.529*sin( 0.0+1.0*(x_4^-2.0 * x_7^2.0) ) + 9654.419*sin( 0.0+1.0*(x_4^-1.0 * x_7^1.0) ) + -316.67*sin( 0.0+1.0*(x_7^2.0) ) + 474.03*sin( 0.0+1.0*(x_7^3.0) ) + -6.849*sqrt( 0.0+1.0*(x_4^1.0 * x_5^-1.0) ) + -100382.176*sqrt( 0.0+1.0*(x_1^1.0 * x_4^-3.0) ) + 73.0
energyHeating,3,2,570.763533087,1.7439675372669965,0.029958645617734665,1.311877249466562,1.8285772917561172,0.032624819067518254,1.44301239418607,97,39.318*log( 0.0+1.0*(x_1^-3.0 * x_5^-1.0) ) + 15009.788*sqrt( 0.0+1.0*(x_2^-2.0 * x_7^1.0) ) + -13593.078*sqrt( 0.0+1.0*(x_2^-2.0 * x_7^2.0) ) + 4163.215*sqrt( 0.0+1.0*(x_2^-2.0 * x_5^1.0) ) + 36987.323*sqrt( 0.0+1.0*(x_4^-3.0 * x_7^3.0) ) + -11.535*sqrt( 0.0+1.0*(x_2^1.0 * x_5^-1.0) ) + -0.047*tan( 0.0+1.0*(x_1^2.0 * x_5^1.0) ) + -0.137*tan( 0.0+1.0*(x_1^3.0 * x_5^2.0) ) + 168.0
energyHeating,3,3,550.847582606,2.4786793411713965,0.060518210381263836,1.7374368726838898,2.705759867367474,0.07143317756638204,1.8991095220500431,67,-123.399*sqrt( 0.0+1.0*(x_3^-1.0 * x_5^3.0) ) + -1492.898*sqrt( 0.0+1.0*(x_5^-3.0) ) + 0.829*sqrt( 0.0+1.0*(x_5^3.0 * x_7^1.0) ) + 5.395*sqrt( 0.0+1.0*(x_4^1.0) ) + 0.334*sqrt( 0.0+1.0*(x_3^1.0 * x_7^1.0) ) + -0.006*sqrt( 0.0+1.0*(x_2^2.0 * x_5^3.0) ) + 231.0
energyHeating,3,4,818.222506238,2.732329961960242,0.07353797583376759,1.8923881656652732,2.9243681941321524,0.08344216639879355,2.042842887114831,61,-14.378*log( 0.0+1.0*(x_3^-2.0 * x_6^3.0) ) + 14.362*log( 0.0+1.0*(x_5^-1.0 * x_6^3.0) ) + 0.972*sqrt( 0.0+1.0*(x_5^3.0 * x_7^3.0) ) + 0.015*sqrt( 0.0+1.0*(x_2^2.0 * x_7^1.0) ) + -0.011*sqrt( 0.0+1.0*(x_2^3.0 * x_5^-3.0) ) + -105.0
energyHeating,3,5,431.11726433,2.424756027923511,0.057913722104721455,1.8105413153884566,2.582354159899917,0.0650658451297449,1.9403693832141624,61,-1.431*sin( 0.0+1.0*(x_5^-1.0 * x_6^1.0) ) + 8.531*sqrt( 0.0+1.0*(x_5^2.0 * x_7^2.0) ) + -2.646*sqrt( 0.0+1.0*(x_5^3.0 * x_7^3.0) ) + -188.877*tan( 0.0+1.0*(x_1^1.0 * x_5^-1.0) ) + -0.628*tan( 0.0+1.0*(x_1^2.0 * x_2^1.0) ) + 47.0
energyHeating,4,0,1083.04658151,3.2028800526679184,0.1012733511736824,2.328454477911066,2.9230359088867415,0.08298363278291733,2.055493417277512,34,12078.16*exp( 0.0+1.0*(x_3^-1.0 * x_7^2.0) ) + -32.035*identity( 0.0+1.0*(x_3^-1.0 * x_5^3.0) ) + 0.157*identity( 0.0+1.0*(x_5^3.0) ) + -12070.0
energyHeating,4,1,999.119780582,2.5320149653764226,0.06329164277789127,1.7670738840561226,2.285988811338927,0.050754241604274775,1.573753778686698,58,-6.636566922e6*exp( 0.0+1.0*(x_3^-3.0 * x_5^3.0) ) + 24716.384*exp( 0.0+1.0*(x_3^-2.0 * x_5^3.0) ) + 7.44*identity( 0.0+1.0*(x_7^1.0) ) + 1.4*sqrt( 0.0+1.0*(x_5^3.0 * x_7^1.0) ) + -0.65*sqrt( 0.0+1.0*(x_5^3.0 * x_7^2.0) ) + 6.611858e6
energyHeating,4,2,596.103094278,2.2271653854520492,0.04896872181059789,1.6919183343709951,2.113096508092692,0.043367342163776836,1.6012974459495586,70,-162.158*exp( 0.0+1.0*(x_1^-3.0 * x_5^-2.0) ) + 2.140880966e6*sqrt( 0.0+1.0*(x_1^-1.0 * x_2^-2.0) ) + -3.508734541e6*sqrt( 0.0+1.0*(x_2^-2.0) ) + 73402.085*sqrt( 0.0+1.0*(x_1^2.0 * x_2^-1.0) ) + 2.86*sqrt( 0.0+1.0*(x_1^2.0 * x_5^2.0) ) + 25.491*sqrt( 0.0+1.0*(x_1^3.0 * x_7^1.0) ) + -392.0
energyHeating,4,3,1120.893853178,1.7287682246632685,0.029504439908048293,1.1542177928776847,1.5641549591783117,0.023762038420417613,1.0140310821876422,82,-2.897*cos( 0.0+1.0*(x_1^-3.0 * x_5^1.0) ) + 3.258*cos( 0.0+1.0*(x_1^-3.0 * x_4^3.0) ) + -2.481*cos( 0.0+1.0*(x_1^-2.0 * x_3^3.0) ) + -3.734*cos( 0.0+1.0*(x_1^-1.0 * x_4^3.0) ) + -15.293*sin( 0.0+1.0*(x_1^1.0) ) + -280.343*sqrt( 0.0+1.0*(x_1^2.0 * x_5^-3.0) ) + 41.505*sqrt( 0.0+1.0*(x_1^3.0 * x_7^3.0) ) + 49.0
energyHeating,4,4,311.866013823,2.5587682751232035,0.0646361896763924,1.8620756606782336,2.318625790988821,0.05221381987399804,1.6590051851048113,73,-129.49*log( 0.0+1.0*(x_2^-3.0 * x_4^2.0) ) + 1.25*sqrt( 0.0+1.0*(x_5^3.0 * x_7^1.0) ) + 0.011*sqrt( 0.0+1.0*(x_3^1.0 * x_8^1.0) ) + -0.574*sqrt( 0.0+1.0*(x_3^2.0 * x_5^-1.0) ) + -39.044*sqrt( 0.0+1.0*(x_2^2.0 * x_4^-2.0) ) + -0.002*sqrt( 0.0+1.0*(x_2^2.0 * x_5^3.0) ) + -927.0
energyHeating,4,5,2522.983741872,2.498822892558478,0.06164314439006151,1.731875649059481,2.275458306819133,0.050287715483299494,1.55002283906368,133,9.154*identity( 0.0+1.0*(x_1^-3.0 * x_7^3.0) ) + -194963.451*identity( 0.0+1.0*(x_2^-1.0 * x_5^-3.0) ) + 65169.923*identity( 0.0+1.0*(x_2^-1.0 * x_7^1.0) ) + -231629.608*identity( 0.0+1.0*(x_2^-1.0 * x_7^2.0) ) + 303298.337*identity( 0.0+1.0*(x_2^-1.0 * x_7^3.0) ) + -1.056129904e6*identity( 0.0+1.0*(x_3^-3.0 * x_5^3.0) ) + -480.251*identity( 0.0+1.0*(x_5^-3.0 * x_7^1.0) ) + -0.071*identity( 0.0+1.0*(x_7^1.0 * x_8^2.0) ) + 0.17*identity( 0.0+1.0*(x_7^3.0 * x_8^2.0) ) + -0.08*identity( 0.0+1.0*(x_5^2.0 * x_7^3.0) ) + 9.615*log( 0.0+1.0*(x_2^1.0 * x_5^3.0) ) + -85.0
wineRed,0,0,1142.400882004,0.6356690377426839,0.6156116313980745,0.495316171544087,0.6590733505865016,0.6800861335039422,0.5172953907030328,79,-0.093*cos( 0.0+1.0*(x_2^-2.0 * x_8^2.0) ) + 2.168*cos( 0.0+1.0*(x_10^-1.0) ) + -0.913*log( 0.0+1.0*(x_9^2.0 * x_11^-3.0) ) + 2.287*log( 0.0+1.0*(x_8^1.0 * x_10^-1.0) ) + -18.707*log( 0.0+1.0*(x_8^1.0) ) + 0.008*log( 0.0+1.0*(x_4^2.0 * x_8^3.0) ) + -0.257*log( 0.0+1.0*(x_2^2.0 * x_11^-2.0) ) + -1.0
wineRed,0,1,8980.556217281,0.6373234324020257,0.6188201876264943,0.49761784538486387,0.6576636383942072,0.6771799307589834,0.5157755558854701,55,69.387*cos( 0.0+1.0*(x_1^-1.0 * x_2^1.0) ) + -12.566*cos( 0.0+1.0*(x_8^-3.0) ) + 2.019*cos( 0.0+1.0*(x_10^-1.0) ) + -1.026*log( 0.0+1.0*(x_10^2.0 * x_11^-3.0) ) + 0.01*sqrt( 0.0+1.0*(x_1^1.0 * x_2^-3.0) ) + -65.0
wineRed,0,2,942.085147213,0.6410698607803003,0.6261168897679127,0.4993853363891279,0.6643613556168941,0.6910431116702498,0.5208627734734048,76,-0.082*log( 0.0+1.0*(x_1^-3.0 * x_5^3.0) ) + -0.121*log( 0.0+1.0*(x_2^-3.0 * x_8^1.0) ) + -1.66*log( 0.0+1.0*(x_11^-2.0) ) + -0.0*log( 0.0+1.0*() ) + -0.019*log( 0.0+1.0*(x_6^3.0 * x_10^2.0) ) + -0.365*log( 0.0+1.0*(x_2^2.0 * x_10^-2.0) ) + -5.695*tan( 0.0+1.0*(x_2^3.0 * x_7^-1.0) ) + -3.0
wineRed,0,3,2593.341617761,0.6391952813552224,0.6224605338242843,0.4920888760277204,0.6557236964211528,0.6731908026772367,0.5137225731819233,79,-153.611*identity( 0.0+1.0*(x_1^-3.0 * x_10^-1.0) ) + 2409.646*identity( 0.0+1.0*(x_1^-3.0 * x_11^-1.0) ) + -101.364*identity( 0.0+1.0*(x_1^-3.0 * x_10^3.0) ) + 0.523*log( 0.0+1.0*(x_2^-1.0 * x_10^1.0) ) + 3.795*log( 0.0+1.0*(x_8^-1.0 * x_11^1.0) ) + -1.605*sqrt( 0.0+1.0*() ) + -0.003*sqrt( 0.0+1.0*(x_3^1.0 * x_7^2.0) ) + -2.0
wineRed,0,4,1268.915553012,0.648771733974263,0.6412517161101582,0.5011700454202201,0.6642289659765187,0.6907677258947217,0.5116285126302723,46,-1.005*log( 0.0+1.0*(x_11^-3.0) ) + -0.027*log( 0.0+1.0*(x_7^2.0 * x_11^3.0) ) + -0.058*log( 0.0+1.0*(x_5^3.0 * x_11^-3.0) ) + -0.199*log( 0.0+1.0*(x_2^3.0 * x_10^-3.0) ) + -2.0
wineRed,0,5,649.73908889,0.6436354202911059,0.6311383531806146,0.4957494078192035,0.6562181304125234,0.6742063947805645,0.5077425526090602,100,-1.153*log( 0.0+1.0*(x_1^-1.0 * x_4^-1.0) ) + 0.18*log( 0.0+1.0*(x_2^-3.0 * x_11^-1.0) ) + -0.027*log( 0.0+1.0*(x_2^-3.0 * x_7^2.0) ) + -0.123*log( 0.0+1.0*(x_4^-1.0 * x_5^2.0) ) + -0.771*log( 0.0+1.0*(x_10^-1.0) ) + -8.036*log( 0.0+1.0*(x_8^3.0) ) + -3.117*log( 0.0+1.0*(x_1^1.0 * x_11^-1.0) ) + 1.198*log( 0.0+1.0*(x_1^2.0 * x_4^-1.0) ) + -0.001*tan( 0.0+1.0*(x_1^2.0) ) + -3.0
wineRed,1,0,1090.502360298,0.6501414690130799,0.6415905018561904,0.5122298750871612,0.6233630036923479,0.617786381619276,0.4790601728958443,46,1.151*cos( 0.0+1.0*(x_4^-3.0) ) + 0.101*log( 0.0+1.0*(x_5^-3.0 * x_10^-1.0) ) + 0.204*sqrt( 0.0+1.0*(x_9^-2.0 * x_11^3.0) ) + -0.486*sqrt( 0.0+1.0*(x_2^1.0 * x_10^-3.0) ) + 2.0
wineRed,1,1,5309.005735879,0.6538626180520225,0.6489559335591935,0.5068002176059411,0.6120281239627191,0.5955236896262467,0.4637284983818003,46,13692.339*cos( 0.0+1.0*(x_1^-3.0) ) + -0.233*log( 0.0+1.0*(x_8^-2.0 * x_11^-3.0) ) + -0.905*log( 0.0+1.0*(x_10^-2.0 * x_11^-3.0) ) + -2.391*sin( 0.0+1.0*(x_2^1.0 * x_10^2.0) ) + -13693.0
wineRed,1,2,1057.999278685,0.6558208876956029,0.6528489034003641,0.5111232592838192,0.6207160169410308,0.6125509074941332,0.4706779630580827,73,-0.045*cos( 0.0+1.0*(x_1^-3.0 * x_11^3.0) ) + 0.043*log( 0.0+1.0*(x_1^-3.0 * x_11^3.0) ) + 0.396*log( 0.0+1.0*(x_2^-1.0 * x_10^2.0) ) + 0.15*log( 0.0+1.0*(x_5^-2.0 * x_9^-1.0) ) + -2.747*log( 0.0+1.0*(x_9^1.0 * x_11^-1.0) ) + -0.045*log( 0.0+1.0*(x_7^2.0 * x_11^-3.0) ) + 2.0
wineRed,1,3,2602.209970227,0.6553839373365111,0.6519792527444471,0.5099245222994365,0.621729950303662,0.6145537334343512,0.47926900730632893,52,0.78*identity( 0.0+1.0*() ) + 0.287*identity( 0.0+1.0*(x_11^1.0) ) + -0.018*identity( 0.0+1.0*(x_9^1.0 * x_10^-3.0) ) + -0.247*log( 0.0+1.0*(x_2^2.0 * x_11^-1.0) ) + 0.07*log( 0.0+1.0*(x_1^3.0 * x_8^3.0) ) + 1.0
wineRed,1,4,1181.882539208,0.6513667579484809,0.6440111274395584,0.509520243205142,0.6174877612122138,0.6061958960240915,0.4767520988379265,58,0.234*sin( 0.0+1.0*(x_2^-3.0 * x_9^-3.0) ) + 30.087*sqrt( 0.0+1.0*(x_8^-1.0) ) + 1.972*sqrt( 0.0+1.0*(x_8^-1.0 * x_11^1.0) ) + -0.085*sqrt( 0.0+1.0*(x_9^3.0 * x_10^-2.0) ) + -0.656*sqrt( 0.0+1.0*(x_2^3.0 * x_8^1.0) ) + -30.0
wineRed,1,5,1815.153095865,0.6478869220871777,0.6371484291737438,0.5030766859436571,0.6125109124303163,0.5964635986201313,0.46494143597042054,70,1543.067*cos( 0.0+1.0*(x_1^-1.0 * x_5^2.0) ) + -0.145*cos( 0.0+1.0*(x_2^-1.0) ) + -0.983*log( 0.0+1.0*(x_7^-3.0 * x_10^-1.0) ) + 1.04*log( 0.0+1.0*(x_7^-3.0 * x_11^3.0) ) + -0.308*log( 0.0+1.0*(x_2^1.0 * x_10^1.0) ) + -1174.942*sin( 0.0+1.0*(x_2^2.0 * x_7^-3.0) ) + -1544.0
wineRed,2,0,1508.42508312,0.630215675044923,0.5951882207372715,0.4902942392077207,0.6127179070630401,0.6305245640144689,0.47314769550407937,67,-0.568*sqrt( 0.0+1.0*(x_8^-1.0 * x_9^2.0) ) + 0.367*sqrt( 0.0+1.0*(x_10^1.0 * x_11^2.0) ) + -0.159*sqrt( 0.0+1.0*(x_7^1.0 * x_10^2.0) ) + 0.057*sqrt( 0.0+1.0*(x_6^1.0) ) + -2.405*sqrt( 0.0+1.0*(x_5^3.0) ) + -4.133*sqrt( 0.0+1.0*(x_2^3.0 * x_7^-1.0) ) + 5.0
wineRed,2,1,1269.788998861,0.6436882402290036,0.6209077426565237,0.501859978244323,0.6238910356701086,0.6537299098364528,0.4872062515399563,91,-5.496*identity( 0.0+1.0*(x_1^-1.0 * x_2^1.0) ) + 6.405*identity( 0.0+1.0*(x_2^-1.0 * x_9^-3.0) ) + -0.1*identity( 0.0+1.0*(x_2^-1.0 * x_10^-1.0) ) + 7.037*identity( 0.0+1.0*(x_10^-3.0 * x_11^-2.0) ) + -2.708*identity( 0.0+1.0*(x_10^-1.0) ) + -2.562*log( 0.0+1.0*(x_10^3.0) ) + 1.803*log( 0.0+1.0*(x_10^3.0 * x_11^2.0) ) + -0.146*log( 0.0+1.0*(x_5^2.0 * x_10^3.0) ) + -0.0
wineRed,2,2,902.248178693,0.647550104039331,0.628380472712059,0.510134954753742,0.6382358689819582,0.6841373173970174,0.49768576182785945,64,18792.045*cos( 0.0+1.0*(x_1^-3.0) ) + -3.307*log( 0.0+1.0*(x_11^-1.0) ) + 0.27*log( 0.0+1.0*(x_10^3.0) ) + -0.308*log( 0.0+1.0*(x_5^1.0 * x_9^-2.0) ) + 20.93*sqrt( 0.0+1.0*(x_2^3.0 * x_9^-2.0) ) + -13.033*sqrt( 0.0+1.0*(x_2^3.0 * x_9^-1.0) ) + -18795.0
wineRed,2,3,827.870597344,0.6488457846929071,0.6308976369031226,0.5067118000890152,0.6146132242050183,0.6344313939359107,0.4729523576410469,58,-3.02*sqrt( 0.0+1.0*(x_8^-3.0 * x_10^-1.0) ) + 1.911*sqrt( 0.0+1.0*(x_11^1.0) ) + -0.858*sqrt( 0.0+1.0*(x_9^1.0 * x_10^2.0) ) + -0.003*sqrt( 0.0+1.0*(x_7^2.0 * x_9^-1.0) ) + -0.94*sqrt( 0.0+1.0*(x_2^3.0 * x_8^3.0) ) + 5.0
wineRed,2,4,704.750569125,0.6497576317344917,0.6326721305963808,0.5054908514883705,0.6131248066894416,0.6313622917716213,0.4737572331272908,61,-4.687*sqrt( 0.0+1.0*(x_8^-1.0 * x_10^1.0) ) + 0.224*sqrt( 0.0+1.0*(x_9^-3.0 * x_11^3.0) ) + -4.578*sqrt( 0.0+1.0*(x_8^1.0 * x_10^-1.0) ) + -1.707*sqrt( 0.0+1.0*(x_3^2.0 * x_9^-3.0) ) + -48.57*sqrt( 0.0+1.0*(x_2^1.0 * x_11^-3.0) ) + 15.0
wineRed,2,5,1627.409884527,0.6515515154477575,0.6361703794066612,0.5037650743394136,0.6273729466607532,0.6610471527526258,0.47889562046112766,70,-0.269*log( 0.0+1.0*(x_1^-1.0 * x_2^2.0) ) + 0.08*log( 0.0+1.0*(x_5^-3.0 * x_7^-1.0) ) + -2.449*log( 0.0+1.0*(x_10^-2.0 * x_11^-2.0) ) + -2.077*log( 0.0+1.0*(x_10^2.0 * x_11^1.0) ) + -0.067*sin( 0.0+1.0*(x_10^3.0 * x_11^1.0) ) + -0.334*sin( 0.0+1.0*(x_3^2.0) ) + -2.0
wineRed,3,0,1207.526476058,0.6488374295914914,0.6449676344963058,0.5030333642492292,0.6466876892902654,0.6436782835325577,0.5092758036734797,49,-221.248*sqrt( 0.0+1.0*(x_1^-1.0 * x_11^-3.0) ) + -0.037*sqrt( 0.0+1.0*(x_1^2.0 * x_10^-3.0) ) + 0.002*sqrt( 0.0+1.0*(x_1^3.0 * x_10^-3.0) ) + -0.038*sqrt( 0.0+1.0*(x_1^3.0 * x_2^3.0) ) + 9.0
wineRed,3,1,1114.055284295,0.6394328929236898,0.6264062427169426,0.4956812866902039,0.6347335087932982,0.6201011293758878,0.4965829178964215,55,10850.247*cos( 0.0+1.0*(x_1^-3.0 * x_8^2.0) ) + -0.424*log( 0.0+1.0*(x_10^-3.0) ) + -3.059*log( 0.0+1.0*(x_11^-1.0) ) + -0.064*sqrt( 0.0+1.0*(x_7^1.0 * x_10^3.0) ) + -2.829*sqrt( 0.0+1.0*(x_2^3.0 * x_5^1.0) ) + -10851.0
wineRed,3,2,1171.406183173,0.6415386320822258,0.6305387171992928,0.49672884314348714,0.6384401004093871,0.6273645640833572,0.5027151129024112,55,0.076*log( 0.0+1.0*(x_5^-1.0 * x_7^-3.0) ) + -9.765*sqrt( 0.0+1.0*(x_6^-3.0) ) + 11.134*sqrt( 0.0+1.0*(x_6^-3.0 * x_10^2.0) ) + 0.278*sqrt( 0.0+1.0*(x_11^2.0) ) + -0.606*sqrt( 0.0+1.0*(x_2^2.0 * x_10^-2.0) ) + 4.0
wineRed,3,3,961.694131394,0.640567591783299,0.6286313803752176,0.4942670881263875,0.6410171351570397,0.6324394434017491,0.4978178480942985,85,-0.006*log( 0.0+1.0*(x_2^-3.0 * x_11^-1.0) ) + -0.032*log( 0.0+1.0*(x_4^-1.0 * x_7^-3.0) ) + 0.093*log( 0.0+1.0*(x_5^-3.0 * x_7^-3.0) ) + 0.047*log( 0.0+1.0*(x_6^-3.0 * x_11^3.0) ) + 0.355*log( 0.0+1.0*(x_9^-2.0 * x_10^-3.0) ) + 0.923*log( 0.0+1.0*(x_10^2.0 * x_11^3.0) ) + -3.189*sqrt( 0.0+1.0*(x_2^2.0 * x_6^-1.0) ) + 1.0
wineRed,3,4,3778.138812838,0.6378987080627442,0.6234039883798319,0.4933913645988649,0.6368145270705943,0.6241738848488368,0.5005216189511668,85,0.018*identity( 0.0+1.0*(x_5^-1.0 * x_8^-3.0) ) + -0.584*identity( 0.0+1.0*(x_8^-3.0 * x_10^-1.0) ) + 0.0*identity( 0.0+1.0*(x_8^-3.0 * x_11^3.0) ) + -13.562*identity( 0.0+1.0*(x_2^2.0 * x_7^-1.0) ) + 0.144*identity( 0.0+1.0*(x_2^2.0 * x_10^-1.0) ) + 0.253*log( 0.0+1.0*(x_2^3.0 * x_7^-1.0) ) + -0.357*log( 0.0+1.0*(x_2^3.0 * x_11^-3.0) ) + 4.0
wineRed,3,5,712.972333253,0.6483152725037111,0.6439299665214349,0.49933916911479226,0.6441075226867189,0.6385522107830504,0.5037842795701392,73,1.017*log( 0.0+1.0*(x_2^-3.0 * x_8^-3.0) ) + -0.818*log( 0.0+1.0*(x_9^2.0 * x_10^-1.0) ) + 0.223*log( 0.0+1.0*(x_9^2.0 * x_11^1.0) ) + -0.045*log( 0.0+1.0*(x_7^2.0 * x_9^1.0) ) + 2.709*log( 0.0+1.0*(x_2^1.0 * x_11^1.0) ) + -0.1*log( 0.0+1.0*(x_2^1.0 * x_5^3.0) ) + -0.0
wineRed,4,0,768.266915726,0.6227117911246354,0.6176600202675496,0.48436683024338656,0.6989844443677455,0.6471633583662343,0.5548704784913738,91,-0.888*identity( 0.0+1.0*(x_1^-3.0 * x_7^1.0) ) + 0.983*sqrt( 0.0+1.0*(x_5^-3.0) ) + 0.0*sqrt( 0.0+1.0*(x_5^-3.0 * x_11^2.0) ) + -0.99*sqrt( 0.0+1.0*(x_5^-3.0 * x_8^1.0) ) + -0.015*sqrt( 0.0+1.0*(x_10^-3.0 * x_11^3.0) ) + -38.63*sqrt( 0.0+1.0*(x_11^-2.0) ) + -14.878*sqrt( 0.0+1.0*(x_10^3.0 * x_11^-3.0) ) + -1.172*sqrt( 0.0+1.0*(x_2^3.0 * x_10^1.0) ) + 11.0
wineRed,4,1,870.269081303,0.6347614259093446,0.6417950556955788,0.49113998643819295,0.6990482695674548,0.6472815504569094,0.5522847436793539,58,0.174*log( 0.0+1.0*(x_2^-3.0 * x_11^2.0) ) + 1.369*log( 0.0+1.0*(x_9^-1.0 * x_11^2.0) ) + -0.362*log( 0.0+1.0*(x_10^-2.0) ) + -0.103*log( 0.0+1.0*(x_5^2.0 * x_11^2.0) ) + 0.024*log( 0.0+1.0*(x_1^2.0 * x_7^-3.0) ) + 0.0
wineRed,4,2,1246.9262609,0.6254293377219108,0.6230627843850955,0.4898698343564605,0.7034379851916708,0.6554363614298095,0.5595890490298522,85,-0.041*identity( 0.0+1.0*(x_8^-3.0 * x_9^3.0) ) + -22.603*identity( 0.0+1.0*(x_9^-2.0 * x_10^1.0) ) + -2.262*log( 0.0+1.0*(x_8^2.0 * x_10^-1.0) ) + 1.575*log( 0.0+1.0*(x_8^2.0 * x_11^2.0) ) + -0.355*log( 0.0+1.0*(x_2^1.0 * x_8^2.0) ) + -0.925*sin( 0.0+1.0*(x_2^2.0 * x_9^-1.0) ) + -0.042*sin( 0.0+1.0*(x_2^3.0 * x_11^2.0) ) + 2.0
wineRed,4,3,2029.718019679,0.6290854869983717,0.6303687063618157,0.48705284470700755,0.7121002844336507,0.6716781441450066,0.5610856719360764,58,1.928*log( 0.0+1.0*(x_1^-3.0 * x_11^-2.0) ) + -1.998*log( 0.0+1.0*(x_1^-3.0) ) + 0.272*log( 0.0+1.0*(x_2^-2.0 * x_8^1.0) ) + -1.932*log( 0.0+1.0*(x_10^-1.0 * x_11^-2.0) ) + -1787.451*tan( 0.0+1.0*(x_10^1.0 * x_11^-3.0) ) + 7.0
wineRed,4,4,1005.287556622,0.6226771121212116,0.6175912268455381,0.4758194477605289,0.7137146220336202,0.6747269966255818,0.5573511591634027,88,-92.953*identity( 0.0+1.0*(x_1^-3.0) ) + 0.029*identity( 0.0+1.0*(x_1^-3.0 * x_11^3.0) ) + 0.258*log( 0.0+1.0*(x_2^-2.0) ) + 6.916*sqrt( 0.0+1.0*(x_10^1.0) ) + -95.636*sqrt( 0.0+1.0*(x_10^2.0 * x_11^-3.0) ) + -0.0*sqrt( 0.0+1.0*(x_7^3.0 * x_10^2.0) ) + -1.492*sqrt( 0.0+1.0*(x_6^2.0 * x_7^-3.0) ) + 0.539*sqrt( 0.0+1.0*(x_6^3.0 * x_7^-3.0) ) + 2.0
wineRed,4,5,771.294779352,0.6315323629206988,0.6352819772892604,0.4923250516448028,0.702403912458286,0.6535107596998524,0.5566704522437019,55,-0.015*sqrt( 0.0+1.0*(x_10^-2.0 * x_11^3.0) ) + 3.01*sqrt( 0.0+1.0*(x_11^1.0) ) + -0.134*sqrt( 0.0+1.0*(x_9^3.0) ) + -0.011*sqrt( 0.0+1.0*(x_6^1.0 * x_8^1.0) ) + -0.486*sqrt( 0.0+1.0*(x_2^1.0 * x_11^1.0) ) + -1.0
yacht,0,0,1531.242234016,1.119776947181847,0.005303780948040781,0.7557144141383729,1.1948240401880637,0.00691528878106784,0.8191246899042256,49,-0.267*cos( 0.0+1.0*(x_2^-3.0 * x_5^3.0) ) + 5014.572*exp( 0.0+1.0*(x_2^-1.0 * x_6^3.0) ) + -5226.059*sin( 0.0+1.0*(x_2^-1.0 * x_6^3.0) ) + 89.942*sqrt( 0.0+1.0*(x_2^3.0 * x_6^2.0) ) + -5019.0
yacht,0,1,300.905419946,1.6250766192537511,0.011170438399586514,1.2963893837990235,1.6985008900487801,0.013974425867782725,1.4051439339648761,37,-3131.596*cos( 0.0+1.0*(x_2^-1.0 * x_6^3.0) ) + -70480.935*cos( 0.0+1.0*(x_3^-1.0 * x_6^3.0) ) + 1.238*log( 0.0+1.0*(x_3^2.0 * x_6^-3.0) ) + 73602.0
yacht,0,2,1886.97146681,1.124333773619303,0.005347035249411923,0.7670289503802374,1.2839975571153295,0.007986027686614714,0.8339739113923702,76,61.168*cos( 0.0+1.0*(x_2^-3.0 * x_6^2.0) ) + 150.471*cos( 0.0+1.0*(x_2^-3.0 * x_6^3.0) ) + -0.378*cos( 0.0+1.0*(x_2^-3.0 * x_4^1.0) ) + -2464.809*cos( 0.0+1.0*(x_2^-2.0 * x_6^3.0) ) + 19.078*exp( 0.0+1.0*(x_2^-1.0) ) + 2.076*log( 0.0+1.0*(x_6^2.0) ) + 404.678*sin( 0.0+1.0*(x_2^1.0) ) + 1933.0
yacht,0,3,276.901899906,1.2165292104996928,0.006259903189422619,0.8491091889227723,1.3152296917830975,0.008379259219689184,0.8858494861261129,46,46.708*cos( 0.0+1.0*(x_2^-3.0 * x_6^2.0) ) + -1545.892*cos( 0.0+1.0*(x_2^-2.0 * x_6^3.0) ) + -2887.532*cos( 0.0+1.0*(x_6^3.0) ) + 1.938*log( 0.0+1.0*(x_2^2.0 * x_6^1.0) ) + 4394.0
yacht,0,4,250.838065541,2.541058980914172,0.027311907023889647,2.009534814300727,2.477450421297401,0.029731194693617104,2.176230472974858,40,-0.629*sin( 0.0+1.0*(x_2^-2.0 * x_5^2.0) ) + 3923.617*sqrt( 0.0+1.0*(x_6^1.0) ) + -8594.389*sqrt( 0.0+1.0*(x_6^2.0) ) + 6205.732*sqrt( 0.0+1.0*(x_6^3.0) ) + -589.0
yacht,0,5,1236.374897867,1.6866189511210032,0.012032517048475347,1.023361738646244,1.4238317324672067,0.009820186866144115,0.8839640496245643,49,6.822*sin( 0.0+1.0*(x_5^-1.0 * x_6^2.0) ) + 18.464*sqrt( 0.0+1.0*(x_6^-2.0) ) + 2744.055*tan( 0.0+1.0*(x_6^1.0) ) + -8605.205*tan( 0.0+1.0*(x_6^2.0) ) + 9046.601*tan( 0.0+1.0*(x_6^3.0) ) + -375.0
yacht,1,0,420.005878621,1.5272109398498304,0.010286349154546546,1.1777311162220057,1.7840564395109826,0.01289846709375577,1.2791935307286577,37,-4212.858*cos( 0.0+1.0*(x_2^-1.0 * x_6^3.0) ) + -19.394*sqrt( 0.0+1.0*(x_2^-1.0 * x_6^3.0) ) + -0.011*tan( 0.0+1.0*(x_3^3.0 * x_6^-3.0) ) + 4215.0
yacht,1,1,1046.87073935,1.747839161239446,0.013473056790368485,1.333187191030999,1.5885450278400763,0.010226334174017809,1.1704651257341765,82,18.864*log( 0.0+1.0*(x_2^-3.0 * x_6^2.0) ) + -70.405*sin( 0.0+1.0*(x_2^-2.0 * x_6^1.0) ) + 49.775*sin( 0.0+1.0*(x_2^-1.0 * x_6^2.0) ) + -1.233*sin( 0.0+1.0*(x_6^-2.0) ) + 69.672*sin( 0.0+1.0*(x_5^1.0 * x_6^1.0) ) + -424.954*sin( 0.0+1.0*(x_5^1.0 * x_6^2.0) ) + 780.365*sin( 0.0+1.0*(x_5^1.0 * x_6^3.0) ) + 61.0
yacht,1,2,213.115176982,1.171804100990289,0.006055823879014845,0.8483107779345335,1.3701427972886124,0.007607686106670419,0.8992911350391788,49,-4763.405*cos( 0.0+1.0*(x_2^-1.0 * x_6^3.0) ) + 11.647*sin( 0.0+1.0*(x_2^1.0 * x_6^-1.0) ) + 33.314*sqrt( 0.0+1.0*(x_2^1.0 * x_6^-1.0) ) + -0.997*sqrt( 0.0+1.0*(x_1^2.0 * x_6^2.0) ) + 4705.0
yacht,1,3,2524.036749708,2.0128971604473245,0.017869252407256845,1.6254030191493576,1.626183866523754,0.010716678879299342,1.2836605744368166,82,-57.17*cos( 0.0+1.0*(x_2^-1.0 * x_4^-1.0) ) + 101.309*sin( 0.0+1.0*(x_2^-1.0 * x_6^3.0) ) + -3005.534*sin( 0.0+1.0*(x_4^-1.0 * x_6^2.0) ) + 6870.975*sin( 0.0+1.0*(x_4^-1.0 * x_6^3.0) ) + -1.893*sqrt( 0.0+1.0*(x_5^-2.0 * x_6^-3.0) ) + 16.742*sqrt( 0.0+1.0*(x_5^-1.0 * x_6^2.0) ) + 0.167*tan( 0.0+1.0*(x_6^-3.0) ) + 72.0
yacht,1,4,404.763619,1.362158412895259,0.008183111014346113,1.0081305062126753,1.675945025566674,0.011382573382351156,1.1153919465593214,37,-4788.56*cos( 0.0+1.0*(x_2^-1.0 * x_6^3.0) ) + -56.656*sqrt( 0.0+1.0*(x_2^-1.0 * x_6^3.0) ) + -0.572*sqrt( 0.0+1.0*(x_2^1.0 * x_6^-3.0) ) + 4801.0
yacht,1,5,3991.12716225,1.5712590083003686,0.010888267203577204,1.2275128993711024,1.6620095686287393,0.011194068518860185,1.2584945663161164,100,-768.699*sin( 0.0+1.0*(x_2^-1.0 * x_6^2.0) ) + 2160.207*sin( 0.0+1.0*(x_2^-1.0 * x_6^3.0) ) + -10.556*sqrt( 0.0+1.0*(x_3^-2.0 * x_6^-2.0) ) + 96.92*tan( 0.0+1.0*(x_4^-2.0 * x_5^-1.0) ) + 46.999*tan( 0.0+1.0*(x_5^-1.0 * x_6^1.0) ) + 0.118*tan( 0.0+1.0*(x_6^-3.0) ) + 157.037*tan( 0.0+1.0*(x_6^1.0) ) + -1328.458*tan( 0.0+1.0*(x_6^3.0) ) + -0.187*tan( 0.0+1.0*(x_3^2.0 * x_6^3.0) ) + 10.0
yacht,2,0,2272.848725096,1.3122481968958009,0.007415057030301383,0.911289626127772,1.1979997862783773,0.006202410388359324,0.9376485402172907,79,2.305*cos( 0.0+1.0*(x_2^-2.0 * x_6^1.0) ) + -1602.781*cos( 0.0+1.0*(x_2^-2.0 * x_6^3.0) ) + -240.024*sin( 0.0+1.0*(x_2^-2.0 * x_6^3.0) ) + 3358.096*sin( 0.0+1.0*(x_3^-1.0 * x_6^3.0) ) + -0.621*sin( 0.0+1.0*(x_6^-2.0) ) + -253.09*sqrt( 0.0+1.0*(x_6^3.0) ) + 77.904*sqrt( 0.0+1.0*(x_3^1.0 * x_6^2.0) ) + 1591.0
yacht,2,1,138.869955354,1.509629608349707,0.009813486657023071,1.209992061397962,1.5091972407827974,0.009843261485343502,1.1617687843149722,46,-4362.392*cos( 0.0+1.0*(x_2^-1.0 * x_6^3.0) ) + -22.163*sqrt( 0.0+1.0*(x_2^-1.0 * x_6^3.0) ) + 17.841*sqrt( 0.0+1.0*(x_2^3.0) ) + -0.33*sqrt( 0.0+1.0*(x_1^2.0 * x_4^-1.0) ) + 4358.0
yacht,2,2,602.492497565,1.4300113994925139,0.008805652144089893,1.1011895691478817,1.4964375045645109,0.009677522408285046,1.1550488843816094,37,50.805*cos( 0.0+1.0*(x_2^-1.0 * x_6^1.0) ) + -4645.111*cos( 0.0+1.0*(x_2^-1.0 * x_6^3.0) ) + 2.282*sqrt( 0.0+1.0*(x_3^2.0 * x_6^1.0) ) + 4593.0
yacht,2,3,293.195403718,1.2013684142788719,0.0062149114509900015,0.9172776874890499,1.257329872927978,0.00683196268085934,1.021424324395922,61,-4910.083*cos( 0.0+1.0*(x_2^-1.0 * x_6^3.0) ) + 527.625*sqrt( 0.0+1.0*(x_2^-1.0 * x_6^3.0) ) + -2225.632*sqrt( 0.0+1.0*(x_2^1.0 * x_6^3.0) ) + -1.075*sqrt( 0.0+1.0*(x_2^3.0 * x_6^-3.0) ) + 2093.967*sqrt( 0.0+1.0*(x_2^3.0 * x_6^3.0) ) + 4923.0
yacht,2,4,416.426583122,2.6414017947319555,0.030043564873956572,1.9022033990276312,3.093408662457914,0.04135438931208372,2.176383600295449,79,7.393*exp( 0.0+1.0*(x_2^-3.0 * x_6^2.0) ) + -133.363*exp( 0.0+1.0*(x_3^-2.0 * x_6^-1.0) ) + -31.369*log( 0.0+1.0*(x_3^-1.0 * x_6^-2.0) ) + 0.0*log( 0.0+1.0*() ) + -1.645*log( 0.0+1.0*(x_5^3.0 * x_6^-1.0) ) + -129.336*log( 0.0+1.0*(x_3^1.0 * x_6^1.0) ) + 53.808*tan( 0.0+1.0*(x_3^1.0 * x_6^2.0) ) + 202.0
yacht,2,5,622.203417302,2.8473592815805215,0.034911384042490064,2.196075611676216,2.692329017775588,0.03132588009489807,2.0327800866899954,58,273.826*exp( 0.0+1.0*(x_2^-2.0 * x_6^3.0) ) + -12.331*identity( 0.0+1.0*(x_6^-1.0) ) + 0.792*log( 0.0+1.0*(x_3^2.0 * x_5^-1.0) ) + 29.426*log( 0.0+1.0*(x_2^2.0 * x_6^-3.0) ) + 0.543*sin( 0.0+1.0*(x_1^3.0 * x_5^-2.0) ) + -328.0
yacht,3,0,265.80029333,1.3056517999984438,0.007637727412247121,0.8245507801073593,2.568593167733039,0.025052294047488596,1.37998315426307,61,0.47*identity( 0.0+1.0*(x_2^-1.0 * x_3^1.0) ) + 3932.358*identity( 0.0+1.0*(x_6^1.0) ) + -9210.641*identity( 0.0+1.0*(x_6^2.0) ) + 9406.086*identity( 0.0+1.0*(x_6^3.0) ) + -269.349*log( 0.0+1.0*(x_5^1.0 * x_6^1.0) ) + 133.862*log( 0.0+1.0*(x_5^2.0) ) + -928.0
yacht,3,1,721.717063469,1.5298374934191823,0.010485762378427263,1.0680915723863613,2.7388579834014775,0.028483665807355566,1.6368911989731811,34,-15336.745*cos( 0.0+1.0*(x_6^3.0) ) + -26.648*exp( 0.0+1.0*(x_3^1.0 * x_6^3.0) ) + 0.0*exp( 0.0+1.0*(x_3^2.0 * x_5^-1.0) ) + 15364.0
yacht,3,2,656.228347914,3.560126986018614,0.05678588375191243,2.808069007889554,5.398262618682014,0.11065342773278863,3.7327936088091374,37,-0.0*exp( 0.0+1.0*(x_2^-1.0 * x_3^1.0) ) + -425.625*identity( 0.0+1.0*(x_2^2.0 * x_6^1.0) ) + 3014.062*identity( 0.0+1.0*(x_2^2.0 * x_6^3.0) ) + 19.0
yacht,3,3,1043.871683674,1.1502975357288856,0.005928294769420206,0.8237854081914203,1.933779647002789,0.014199427166563222,1.2301280143819555,55,-0.158*cos( 0.0+1.0*(x_2^-3.0 * x_6^1.0) ) + 1.324*cos( 0.0+1.0*(x_5^-3.0 * x_6^-2.0) ) + -18977.604*cos( 0.0+1.0*(x_6^3.0) ) + 4551.399*cos( 0.0+1.0*(x_2^1.0 * x_6^2.0) ) + 19.306*sqrt( 0.0+1.0*(x_2^2.0) ) + 14416.0
yacht,3,4,282.072072844,1.492001716578519,0.009973510666728908,1.1664693825114192,2.313283427716246,0.020319571609932526,1.6012154543006525,37,79.531*cos( 0.0+1.0*(x_2^-3.0 * x_6^3.0) ) + -4819.206*cos( 0.0+1.0*(x_2^-1.0 * x_6^3.0) ) + 3.041*log( 0.0+1.0*(x_2^3.0 * x_6^-1.0) ) + 4740.0
yacht,3,5,1341.737472809,1.381769065206797,0.008554218554385632,0.9183804836657078,2.6378610337112063,0.026421695281635262,1.4891298269359716,49,0.003*exp( 0.0+1.0*(x_6^-1.0) ) + 1008.73*exp( 0.0+1.0*(x_6^1.0) ) + -4827.251*exp( 0.0+1.0*(x_6^2.0) ) + 6705.206*exp( 0.0+1.0*(x_6^3.0) ) + 0.826*exp( 0.0+1.0*(x_1^3.0 * x_4^1.0) ) + -2966.0
yacht,4,0,221.331296605,1.4257540505644972,0.008683019082401338,1.1002265085580745,1.0298702687750523,0.004816125387966945,0.8038277974734263,58,-4885.319*cos( 0.0+1.0*(x_2^-1.0 * x_6^3.0) ) + -47.38*sqrt( 0.0+1.0*(x_5^1.0 * x_6^3.0) ) + -28.772*sqrt( 0.0+1.0*(x_2^1.0 * x_5^-1.0) ) + -2.329*sqrt( 0.0+1.0*(x_2^1.0 * x_6^-2.0) ) + 77.552*sqrt( 0.0+1.0*(x_2^1.0) ) + 4856.0
yacht,4,1,1001.265007732,1.80713229189005,0.01394958925947949,1.2309251693284964,1.583639007244428,0.011387938807171252,1.14268016246174,19,14790.488*exp( 0.0+1.0*(x_6^3.0) ) + -14950.758*sin( 0.0+1.0*(x_6^3.0) ) + -14789.0
yacht,4,2,1047.684329906,1.4489041384496903,0.008967282114218407,1.116988428895434,1.255629622078208,0.007159057479772101,0.951691721942397,70,0.885*identity( 0.0+1.0*(x_2^-3.0 * x_4^-3.0) ) + 47.519*identity( 0.0+1.0*(x_2^-3.0 * x_6^3.0) ) + 0.1*identity( 0.0+1.0*(x_6^-3.0) ) + 248.608*log( 0.0+1.0*(x_6^1.0) ) + 3793.132*sin( 0.0+1.0*(x_6^3.0) ) + -2246.565*sqrt( 0.0+1.0*(x_6^3.0) ) + 21.199*tan( 0.0+1.0*(x_2^1.0) ) + 544.0
yacht,4,3,223.862955205,1.6131530248284567,0.011115593622539381,1.2785928300580385,1.3113116665204252,0.007808086105479404,1.1121843867095083,55,-4339.376*cos( 0.0+1.0*(x_2^-1.0 * x_6^3.0) ) + -19723.011*cos( 0.0+1.0*(x_5^-2.0 * x_6^3.0) ) + -31.471*sqrt( 0.0+1.0*(x_6^3.0) ) + 0.939*sqrt( 0.0+1.0*(x_3^3.0) ) + 127.127*sqrt( 0.0+1.0*(x_2^2.0 * x_3^-2.0) ) + 24040.0
yacht,4,4,544.582849477,1.6661859439612294,0.011858464563170863,1.017944279850544,1.5130540193616562,0.01039540971693177,0.8873207851107946,31,2229.465*cos( 0.0+1.0*(x_6^2.0) ) + -22521.946*cos( 0.0+1.0*(x_6^3.0) ) + -1.231*sqrt( 0.0+1.0*(x_2^1.0 * x_6^-2.0) ) + 20299.0
yacht,4,5,162.351235273,3.2207788251689253,0.04431016139444384,2.5311860716718426,2.488561385136074,0.028120915775909607,2.1774384345689586,49,-5.227*sqrt( 0.0+1.0*(x_5^-1.0 * x_6^-3.0) ) + 447.171*sqrt( 0.0+1.0*(x_5^1.0 * x_6^1.0) ) + -1875.028*sqrt( 0.0+1.0*(x_5^1.0 * x_6^2.0) ) + 1798.131*sqrt( 0.0+1.0*(x_5^1.0 * x_6^3.0) ) + 59.0
